﻿<project version="2.9" name="kaoqin" ID="4BB2B3FF-785D-4E7B-ABF9-4B71E218CB1C">
  <params>
    <pageParam version="5.1" minAllowVersion="5.1"/>
    <projectParam version="2.9" minAllowVersion="2.9" platform="MtMobile" orientation="MoPortrait" mobileScreenScale="1.77777779102325" mobileType="mmtIOS" pageSize="(375,667)" backgroundColor="4294967295" fontSize="0" fontFamily="Arial" projectType="ptPersonalProject" isShowTitleIndex="False"/>
    <previewParam version="1.0"/>
    <colorParam version="1.0"/>
  </params>
  <pages>
    <page name="Start" ID="41CCBC77-11F0-44EC-BB47-3C7D1E4B7E24" expanded="True" code="yFGObz7yPM" thumbCode="yFGObz7yPM" status="psWhite" isfolder="False" isshownode="True">
      <images>
        <image key="C5C87C1937DCAF1D26A64B93B929B1DC.jpg"/>
      </images>
      <page name="Sign Up" ID="9059FBD9-4C06-4F6F-93BE-13DFF1C61636" expanded="True" code="Lm7A4dyO2G" thumbCode="Lm7A4dyO2G" status="psWhite" isfolder="False" isshownode="True">
        <images>
          <image key="D461B89CFC537DBAD724FAD78224FD94.svg"/>
        </images>
      </page>
      <page name="Sign In" ID="5AEC84BB-31FE-4673-AF90-5E2FA86F4371" expanded="False" code="JzHuLs5cJn" thumbCode="LVdXTvf2is" status="psWhite" isfolder="False" isshownode="True">
        <images>
          <image key="D461B89CFC537DBAD724FAD78224FD94.svg"/>
          <image key="7AE6AC8C486CAACA2E75E99CC9FCBC9A.jpg"/>
        </images>
      </page>
      <page name="forget password" ID="2CE04262-7504-498F-928C-C924B673D847" expanded="True" code="X8RMzaoWyp" thumbCode="X8RMzaoWyp" status="psWhite" isfolder="False" isshownode="True">
        <images>
          <image key="91852B86E51F760894554368302F9800.svg"/>
        </images>
      </page>
      <page name="verification code" ID="0F9BCBC5-C2C5-43F1-B3B5-42B584ADCA60" expanded="True" code="8fax1fJAVL" thumbCode="8fax1fJAVL" status="psWhite" isfolder="False" isshownode="True">
        <images>
          <image key="91852B86E51F760894554368302F9800.svg"/>
        </images>
      </page>
      <page name="reset password" ID="C30431CD-631B-4583-97CB-303318E17DCF" expanded="True" code="IurAv6emtE" thumbCode="IurAv6emtE" status="psWhite" isfolder="False" isshownode="True">
        <images>
          <image key="91852B86E51F760894554368302F9800.svg"/>
        </images>
      </page>
      <page name="role" ID="FB2B91B7-7BB0-4464-8050-24A94B144EBA" expanded="True" code="aVHFsGOSki" thumbCode="aVHFsGOSki" isLastOpen="True" status="psWhite" isfolder="False" isshownode="True">
        <images>
          <image key="91852B86E51F760894554368302F9800.svg"/>
        </images>
      </page>
    </page>
    <page name="Home" ID="0F14120A-622B-4236-B671-68AF6BB11CA9" expanded="True" code="moSMPz66EU" thumbCode="moSMPz66EU" status="psWhite" isfolder="False" isshownode="True">
      <images>
        <image key="6435FAA4924A62D32BF5E6A70174E146.svg"/>
        <image key="99F3306433F452A04737307858F73970.svg"/>
        <image key="EFB32CAA0525DDB084D7E5342E74C33D.svg"/>
        <image key="777847DCA115C7F4EBE81FF6D6EFC075.svg"/>
        <image key="1AD3E4AA478BAABFA5D1CA896D10F9F7.svg"/>
        <image key="AB82E8FCCF2631C24A67D663B4832CA3.svg"/>
        <image key="DDCF3FD76903519FD712CE9D1716E411.svg"/>
        <image key="06ECC7710AD59D63EC26DE3D58DB4078.png"/>
        <image key="779CD82C149BD7F1E9D26956579672F7.svg"/>
        <image key="94B09333377F56B1A0FACA11FA2202A2.svg"/>
        <image key="784D3084F9C2AFEEB7C71AAC6A2AAEE8.svg"/>
      </images>
      <page name="location" ID="C5192FF4-5C3C-4627-9E8F-DEB3789DD925" expanded="True" code="5SBZqgW92p" thumbCode="5SBZqgW92p" status="psWhite" isfolder="False" isshownode="True">
        <images>
          <image key="033060A4746B78F670C2398647EB85C1.svg"/>
          <image key="91852B86E51F760894554368302F9800.svg"/>
          <image key="20AB30DAD2C367534A2EC8B12290495E.svg"/>
        </images>
      </page>
      <page name="See All" ID="DD4F7C76-B531-4230-BC41-DD19B39BA5AE" expanded="True" code="hkqgy6LGDS" thumbCode="hkqgy6LGDS" status="psWhite" isfolder="False" isshownode="True">
        <images>
          <image key="6C8BC6B2B9FA7B8BF47604B61E110114.svg"/>
          <image key="0F23C8B854F4385D15D076544F0123BD.svg"/>
          <image key="DDCF3FD76903519FD712CE9D1716E411.svg"/>
          <image key="7857CC18BDA0C2F66FD29C612A221645.png"/>
          <image key="10191F3A8875F5263A7C70E6D889321D.png"/>
          <image key="6435FAA4924A62D32BF5E6A70174E146.svg"/>
          <image key="99F3306433F452A04737307858F73970.svg"/>
          <image key="7368E932054EB35095B123FCB5C28A31.svg"/>
          <image key="784D3084F9C2AFEEB7C71AAC6A2AAEE8.svg"/>
        </images>
      </page>
      <page name="qiandao" ID="4F82CEFD-599C-43A9-B283-C5C4FACF6D93" expanded="True" code="OMQUj4cWw6" thumbCode="OMQUj4cWw6" status="psWhite" isfolder="False" isshownode="True">
        <images>
          <image key="10191F3A8875F5263A7C70E6D889321D.png"/>
          <image key="91852B86E51F760894554368302F9800.svg"/>
          <image key="033060A4746B78F670C2398647EB85C1.svg"/>
          <image key="7368E932054EB35095B123FCB5C28A31.svg"/>
          <image key="0F23C8B854F4385D15D076544F0123BD.svg"/>
        </images>
      </page>
      <page name="success" ID="F733908A-C36F-4E06-8591-2F7C7AC6D74E" expanded="True" code="dWCbWSjrt1" thumbCode="dWCbWSjrt1" status="psWhite" isfolder="False" isshownode="True"/>
      <page name="location1" ID="E66D24D5-299F-4579-943B-D79B61292841" expanded="True" code="F7nr3EBWLQ" thumbCode="F7nr3EBWLQ" status="psWhite" isfolder="False" isshownode="True">
        <images>
          <image key="033060A4746B78F670C2398647EB85C1.svg"/>
          <image key="FBDD56452F7C5E2A186B42484A1CF33E.svg"/>
          <image key="20AB30DAD2C367534A2EC8B12290495E.svg"/>
        </images>
      </page>
    </page>
    <page name="qingjia" ID="66B577CB-EC6B-418C-81BE-C7D1C3062A1E" expanded="False" code="aToTJefilb" thumbCode="aToTJefilb" status="psWhite" isfolder="False" isshownode="True">
      <images>
        <image key="DDCF3FD76903519FD712CE9D1716E411.svg"/>
        <image key="99F3306433F452A04737307858F73970.svg"/>
        <image key="784D3084F9C2AFEEB7C71AAC6A2AAEE8.svg"/>
        <image key="6435FAA4924A62D32BF5E6A70174E146.svg"/>
      </images>
      <page name="success" ID="108C00AC-F500-494F-9DE6-7CBEB16DCB17" expanded="True" code="PzIeJTXaJG" thumbCode="PzIeJTXaJG" status="psWhite" isfolder="False" isshownode="True">
        <images>
          <image key="4C4B8FA8108FC56D0D2BD6A0A4E9D09F.svg"/>
          <image key="91852B86E51F760894554368302F9800.svg"/>
          <image key="FFC59E885BE943AA6C1EA09A32C43B95.svg"/>
          <image key="D832FB4B0796DCD2B2F95154F1E930A4.png"/>
        </images>
      </page>
    </page>
    <page name="message" ID="25AA2510-F1F2-4282-A506-A81997C19CE4" expanded="True" code="fNW6aGhXAb" thumbCode="fNW6aGhXAb" status="psWhite" isfolder="False" isshownode="True">
      <images>
        <image key="DDCF3FD76903519FD712CE9D1716E411.svg"/>
        <image key="99F3306433F452A04737307858F73970.svg"/>
        <image key="784D3084F9C2AFEEB7C71AAC6A2AAEE8.svg"/>
        <image key="3B9371A3C6D28063FA69244E3E75989F.png"/>
        <image key="6435FAA4924A62D32BF5E6A70174E146.svg"/>
      </images>
    </page>
    <page name="me" ID="3347CF54-36BE-43C6-A57D-5AC0D5A8F2F8" expanded="True" code="w1KFfuMXQ7" thumbCode="w1KFfuMXQ7" status="psWhite" isfolder="False" isshownode="True">
      <images>
        <image key="6435FAA4924A62D32BF5E6A70174E146.svg"/>
        <image key="2E967326C22523F5F084001B9F4E5BC7.svg"/>
        <image key="99F3306433F452A04737307858F73970.svg"/>
        <image key="29F37D064345EFF092FDE43A909201C4.svg"/>
        <image key="784D3084F9C2AFEEB7C71AAC6A2AAEE8.svg"/>
        <image key="DDCF3FD76903519FD712CE9D1716E411.svg"/>
      </images>
    </page>
  </pages>
  <trash>
    <page name="society enter" ID="BD35A628-8FF8-46EE-8F40-7E43DDA584D3" expanded="True" code="bQo3UZjmcQ" thumbCode="DvtuVixv4G" isLastOpen="True" status="psWhite" isfolder="False" isshownode="True">
      <images>
        <image key="7EACDB1C2FF456641FFE34F3F7010A27.png"/>
        <image key="91852B86E51F760894554368302F9800.svg"/>
        <image key="BE0ED6C4B6B58AC030E1BBF3D5C752F3.png"/>
        <image key="72BA905E1E366A300C9AF23CD055C25B.png"/>
      </images>
    </page>
  </trash>
  <deletes/>
  <masters/>
  <images>
    <image key="FBDD56452F7C5E2A186B42484A1CF33E.svg"/>
    <image key="C5C87C1937DCAF1D26A64B93B929B1DC.jpg"/>
    <image key="0F23C8B854F4385D15D076544F0123BD.svg"/>
    <image key="6435FAA4924A62D32BF5E6A70174E146.svg"/>
    <image key="20AB30DAD2C367534A2EC8B12290495E.svg"/>
    <image key="3B9371A3C6D28063FA69244E3E75989F.png"/>
    <image key="7AE6AC8C486CAACA2E75E99CC9FCBC9A.jpg"/>
    <image key="6C8BC6B2B9FA7B8BF47604B61E110114.svg"/>
    <image key="FFC59E885BE943AA6C1EA09A32C43B95.svg"/>
    <image key="D461B89CFC537DBAD724FAD78224FD94.svg"/>
    <image key="777847DCA115C7F4EBE81FF6D6EFC075.svg"/>
    <image key="7857CC18BDA0C2F66FD29C612A221645.png"/>
    <image key="99F3306433F452A04737307858F73970.svg"/>
    <image key="2E967326C22523F5F084001B9F4E5BC7.svg"/>
    <image key="91852B86E51F760894554368302F9800.svg"/>
    <image key="29F37D064345EFF092FDE43A909201C4.svg"/>
    <image key="4C4B8FA8108FC56D0D2BD6A0A4E9D09F.svg"/>
    <image key="7EACDB1C2FF456641FFE34F3F7010A27.png"/>
    <image key="033060A4746B78F670C2398647EB85C1.svg"/>
    <image key="72BA905E1E366A300C9AF23CD055C25B.png"/>
    <image key="DDCF3FD76903519FD712CE9D1716E411.svg"/>
    <image key="1AD3E4AA478BAABFA5D1CA896D10F9F7.svg"/>
    <image key="10191F3A8875F5263A7C70E6D889321D.png"/>
    <image key="BE0ED6C4B6B58AC030E1BBF3D5C752F3.png"/>
    <image key="784D3084F9C2AFEEB7C71AAC6A2AAEE8.svg"/>
    <image key="D832FB4B0796DCD2B2F95154F1E930A4.png"/>
    <image key="EFB32CAA0525DDB084D7E5342E74C33D.svg"/>
    <image key="AB82E8FCCF2631C24A67D663B4832CA3.svg"/>
    <image key="779CD82C149BD7F1E9D26956579672F7.svg"/>
    <image key="7368E932054EB35095B123FCB5C28A31.svg"/>
    <image key="06ECC7710AD59D63EC26DE3D58DB4078.png"/>
    <image key="94B09333377F56B1A0FACA11FA2202A2.svg"/>
  </images>
</project>