﻿<project version="2.9" name="web_kaoqin" ID="A4AEF2F0-6BFD-4A6E-A549-693864B7EBB7">
  <params>
    <pageParam version="5.1" minAllowVersion="5.1"/>
    <projectParam version="2.9" minAllowVersion="2.9" platform="MtWeb" pageSize="(1100,6000)" backgroundColor="4294967295" fontSize="0" fontFamily="" projectType="ptPersonalProject" isShowTitleIndex="False"/>
    <previewParam version="1.0"/>
    <colorParam version="1.0"/>
  </params>
  <pages>
    <page name="login" ID="77B83CD0-2438-4C9F-8CB8-8CB10E59E26D" expanded="True" code="cVF6ooPHK3" thumbCode="cVF6ooPHK3" status="psWhite" isfolder="False" isshownode="True"/>
    <page name="forgetpassword" ID="44A7FF4C-09E4-4EAA-896D-8860CAC6F281" expanded="True" code="lvUnRPCPZh" thumbCode="74xKgr4G4y" status="psWhite" isfolder="False" isshownode="True"/>
    <page name="homepage" ID="B77E5E02-A3AB-4707-AB5E-53908DFA9D1F" expanded="True" code="ME4NCcrxMX" thumbCode="ME4NCcrxMX" isLastOpen="True" status="psWhite" isfolder="False" isshownode="True"/>
    <page name="stu_showpage" ID="79FADD4D-17CC-4475-B6A0-E9435C3C28F1" expanded="True" code="Gra5QcU1pZ" thumbCode="WFV6FDNjiG" status="psWhite" isfolder="False" isshownode="True"/>
    <page name="teacher_showpage" ID="A593E3B0-60C4-489A-B0AF-CFB6AF83E01C" expanded="True" code="mcwdtZPOfp" thumbCode="mcwdtZPOfp" status="psWhite" isfolder="False" isshownode="True"/>
  </pages>
  <trash>
    <page name="login222" ID="C10E5C20-7BAA-49CA-8CFE-8EB044FD610D" expanded="False" code="eNoCUQM1HX" thumbCode="5GRxCkBtuH" isLastOpen="True" status="psWhite" isfolder="False" isshownode="True"/>
    <page name="register" ID="687B4F8B-245B-46BC-9B26-231344320E2A" expanded="True" code="aEFnZyXcjL" thumbCode="c8VJGZjGar" status="psWhite" isfolder="False" isshownode="True"/>
    <page name="stu_resetpage" ID="43A5D6F1-D111-4C60-B97F-45FAB3E3E911" expanded="True" code="7UvnhWUBf1" thumbCode="T1JbDgECJy" isLastOpen="True" status="psWhite" isfolder="False" isshownode="True"/>
  </trash>
  <deletes/>
  <masters>
    <master name="母版" ID="EE70EFB5-AFF7-4AF8-B2FE-C0E5F2810487" code="jXfd5OU6Js" status="psWhite" createDate="2018-03-30 20:18:55">
      <refPages>
        <page ID="77B83CD0-2438-4C9F-8CB8-8CB10E59E26D" refCount="1"/>
      </refPages>
    </master>
  </masters>
  <images/>
</project>