﻿<LinkSources version="1.02">
  <page ID="41CCBC77-11F0-44EC-BB47-3C7D1E4B7E24">
    <linkSource sourcePageID="9059FBD9-4C06-4F6F-93BE-13DFF1C61636" comID="DE6393A3-E774-422D-A928-6A9DBED6D1FE" comLinkType="cltPageLink"/>
    <linkSource sourcePageID="5AEC84BB-31FE-4673-AF90-5E2FA86F4371" comID="4EFA4DDF-54EB-4365-A001-E82BC7187B0B" comLinkType="cltPageLink"/>
    <linkSource sourcePageID="BD35A628-8FF8-46EE-8F40-7E43DDA584D3" comID="CD1E686C-23EA-4642-BB44-FABAE180EBE4" comLinkType="cltPageLink"/>
  </page>
  <page ID="9059FBD9-4C06-4F6F-93BE-13DFF1C61636">
    <linkSource sourcePageID="41CCBC77-11F0-44EC-BB47-3C7D1E4B7E24" comID="DDC87759-DF40-464C-BA87-4BD6D6D27CF8" comLinkType="cltPageLink"/>
    <linkSource sourcePageID="5AEC84BB-31FE-4673-AF90-5E2FA86F4371" comID="CAF110D8-0BCE-4B33-8F7A-7204ACD676DB" comLinkType="cltPageLink"/>
    <linkSource sourcePageID="0F14120A-622B-4236-B671-68AF6BB11CA9" comID="B9EA2482-BE14-4FE9-B0F6-9F3E51B346A1" comLinkType="cltPageLink"/>
    <linkSource sourcePageID="655079F0-30BD-4764-B365-19A9905374CC" comID="C98FDCA2-CB06-46D0-A593-B17F33017D65" comLinkType="cltPageLink"/>
    <linkSource sourcePageID="1930785E-6B1F-484C-B044-0FF538926495" comID="1B82DA74-2470-40A1-86D5-961148E230B9" comLinkType="cltPageLink"/>
  </page>
  <page ID="5AEC84BB-31FE-4673-AF90-5E2FA86F4371">
    <linkSource sourcePageID="9059FBD9-4C06-4F6F-93BE-13DFF1C61636" comID="24C1A4D6-1ADD-4085-A98F-0D08487087A4" comLinkType="cltPageLink"/>
    <linkSource sourcePageID="0342FAE1-B611-4DA1-BE14-9B1E9B0595FE" comID="BBCEF0C9-5C41-4B5B-A182-27EC6F06E74C" comLinkType="cltPageLink"/>
    <linkSource sourcePageID="0342FAE1-B611-4DA1-BE14-9B1E9B0595FE" comID="2D9B8732-07EE-4047-B856-CCD29126B893" comLinkType="cltPageLink"/>
    <linkSource sourcePageID="41CCBC77-11F0-44EC-BB47-3C7D1E4B7E24" comID="97139005-4B3F-487B-91B9-402424672FC6" comLinkType="cltPageLink"/>
    <linkSource sourcePageID="3347CF54-36BE-43C6-A57D-5AC0D5A8F2F8" comID="EEB41F92-59A8-48AE-A2D1-84DDAB0107CD" comLinkType="cltPageLink"/>
    <linkSource sourcePageID="3347CF54-36BE-43C6-A57D-5AC0D5A8F2F8" comID="78B80B72-E39C-491E-B0A2-B431D3F80807" comLinkType="cltPageLink"/>
    <linkSource sourcePageID="2CE04262-7504-498F-928C-C924B673D847" comID="EE4D722A-9A87-4829-B67C-9C0E03A0324E" comLinkType="cltPageLink"/>
    <linkSource sourcePageID="FB2B91B7-7BB0-4464-8050-24A94B144EBA" comID="AAF58A39-9021-4186-BDD0-D888C31F2FAA" comLinkType="cltPageLink"/>
    <linkSource sourcePageID="BD35A628-8FF8-46EE-8F40-7E43DDA584D3" comID="CD1E686C-23EA-4642-BB44-FABAE180EBE4" comLinkType="cltPageLink"/>
    <linkSource sourcePageID="FB2B91B7-7BB0-4464-8050-24A94B144EBA" comID="6B68CE1E-8B11-4021-A1FA-B9E70C4D04C9" comLinkType="cltPageLink"/>
    <linkSource sourcePageID="FB2B91B7-7BB0-4464-8050-24A94B144EBA" comID="87069204-3C0C-4E05-860B-655C265047A3" comLinkType="cltPageLink"/>
    <linkSource sourcePageID="FB2B91B7-7BB0-4464-8050-24A94B144EBA" comID="FE5EC1ED-B0B1-4B14-AA67-5F2BC32B1CB8" comLinkType="cltPageLink"/>
  </page>
  <page ID="2CE04262-7504-498F-928C-C924B673D847">
    <linkSource sourcePageID="5AEC84BB-31FE-4673-AF90-5E2FA86F4371" comID="CAF110D8-0BCE-4B33-8F7A-7204ACD676DB" comLinkType="cltPageLink"/>
    <linkSource sourcePageID="F733908A-C36F-4E06-8591-2F7C7AC6D74E" comID="CF0B48CD-392A-4891-8F4F-5FC52C9A19FB" comLinkType="cltPageLink"/>
    <linkSource sourcePageID="F733908A-C36F-4E06-8591-2F7C7AC6D74E" comID="A76C74C8-3920-426D-877A-4EB03677E204" comLinkType="cltPageLink"/>
    <linkSource sourcePageID="0F9BCBC5-C2C5-43F1-B3B5-42B584ADCA60" comID="6EEEBAC3-FB81-47DE-9DD0-6BA8D4103C19" comLinkType="cltPageLink"/>
  </page>
  <page ID="0F9BCBC5-C2C5-43F1-B3B5-42B584ADCA60">
    <linkSource sourcePageID="2CE04262-7504-498F-928C-C924B673D847" comID="81BA24C4-984C-4BAF-9B02-2F8AD71EBE11" comLinkType="cltPageLink"/>
    <linkSource sourcePageID="C30431CD-631B-4583-97CB-303318E17DCF" comID="5457E37A-2617-49F5-ABAC-A0104569DF23" comLinkType="cltPageLink"/>
  </page>
  <page ID="C30431CD-631B-4583-97CB-303318E17DCF">
    <linkSource sourcePageID="0F9BCBC5-C2C5-43F1-B3B5-42B584ADCA60" comID="28C8E085-4C0E-4655-8AB7-06BB996F5C40" comLinkType="cltPageLink"/>
    <linkSource sourcePageID="0F9BCBC5-C2C5-43F1-B3B5-42B584ADCA60" comID="174DF174-C8BC-4D3C-B319-1BDB66AC0392" comLinkType="cltPageLink"/>
    <linkSource sourcePageID="FB2B91B7-7BB0-4464-8050-24A94B144EBA" comID="FE5EC1ED-B0B1-4B14-AA67-5F2BC32B1CB8" comLinkType="cltPageLink"/>
  </page>
  <page ID="FB2B91B7-7BB0-4464-8050-24A94B144EBA">
    <linkSource sourcePageID="41CCBC77-11F0-44EC-BB47-3C7D1E4B7E24" comID="97139005-4B3F-487B-91B9-402424672FC6" comLinkType="cltPageLink"/>
  </page>
  <page ID="0F14120A-622B-4236-B671-68AF6BB11CA9">
    <linkSource sourcePageID="964CD19D-AE13-4A5F-A092-B263C3EC0907" comID="62D43D22-CF1F-4920-9B57-6CB4F6778240" comLinkType="cltPageLink"/>
    <linkSource sourcePageID="964CD19D-AE13-4A5F-A092-B263C3EC0907" comID="17D9D215-7ACB-4280-A02E-F4903B7619DF" comLinkType="cltPageLink"/>
    <linkSource sourcePageID="964CD19D-AE13-4A5F-A092-B263C3EC0907" comID="C6C24A84-5FC9-4521-B11F-DED5B1EC847E" comLinkType="cltPageLink"/>
    <linkSource sourcePageID="964CD19D-AE13-4A5F-A092-B263C3EC0907" comID="DA0A0855-EE01-422C-BAD5-3BF5359FB034" comLinkType="cltPageLink"/>
    <linkSource sourcePageID="964CD19D-AE13-4A5F-A092-B263C3EC0907" comID="520C50F5-9B85-40DB-A353-D05ECD48EEFE" comLinkType="cltPageLink"/>
    <linkSource sourcePageID="964CD19D-AE13-4A5F-A092-B263C3EC0907" comID="013C2CC1-CEFF-4F44-A119-6567952AD982" comLinkType="cltPageLink"/>
    <linkSource sourcePageID="964CD19D-AE13-4A5F-A092-B263C3EC0907" comID="E632D3A5-3447-405E-B610-17D879CD8168" comLinkType="cltPageLink"/>
    <linkSource sourcePageID="C5192FF4-5C3C-4627-9E8F-DEB3789DD925" comID="17882D99-48B7-4D92-B58D-AB82F7C64943" comLinkType="cltPageLink"/>
    <linkSource sourcePageID="C5192FF4-5C3C-4627-9E8F-DEB3789DD925" comID="51046D05-9880-450F-94A1-CA454B20CA4E" comLinkType="cltPageLink"/>
    <linkSource sourcePageID="C5192FF4-5C3C-4627-9E8F-DEB3789DD925" comID="B0E305D2-5D83-49E9-962B-8868A5E64078" comLinkType="cltPageLink"/>
    <linkSource sourcePageID="1397AAF9-79AD-4A99-BE5A-DBCF6B0F494B" comID="A0E49484-4DF6-4578-AC76-A199F227AD75" comLinkType="cltPageLink"/>
    <linkSource sourcePageID="DD4F7C76-B531-4230-BC41-DD19B39BA5AE" comID="2B7B477D-2BA0-40E2-BE86-3C3D40D946A6" comLinkType="cltPageLink"/>
    <linkSource sourcePageID="B6A44BE7-AD08-4E44-8E33-F73D58994250" comID="BC18EEC0-CDBD-4940-ACB0-8A8EE9A15257" comLinkType="cltPageLink"/>
    <linkSource sourcePageID="1930785E-6B1F-484C-B044-0FF538926495" comID="125266F2-0EB5-4248-AEF7-0B87902DE4A4" comLinkType="cltPageLink"/>
    <linkSource sourcePageID="FA6DE4B7-3776-4FC7-9BAE-3F1B4A505154" comID="2E1C0F63-8519-47D4-89DA-AE0604F38B46" comLinkType="cltPageLink"/>
    <linkSource sourcePageID="4F82CEFD-599C-43A9-B283-C5C4FACF6D93" comID="0ED51455-4D80-43B9-86BB-1724C23C52BE" comLinkType="cltPageLink"/>
    <linkSource sourcePageID="C5192FF4-5C3C-4627-9E8F-DEB3789DD925" comID="4AD44B71-F1D9-43B7-8CAF-E797DA1DF6D4" comLinkType="cltPageLink"/>
    <linkSource sourcePageID="C5192FF4-5C3C-4627-9E8F-DEB3789DD925" comID="40197144-4C83-4641-8E0E-D4084FB10322" comLinkType="cltPageLink"/>
    <linkSource sourcePageID="C5192FF4-5C3C-4627-9E8F-DEB3789DD925" comID="B1F252FD-757D-4122-9FCF-E8A7BF141E38" comLinkType="cltPageLink"/>
    <linkSource sourcePageID="C5192FF4-5C3C-4627-9E8F-DEB3789DD925" comID="6744562F-F027-4AF4-9851-FDC2737A2FC0" comLinkType="cltPageLink"/>
    <linkSource sourcePageID="C5192FF4-5C3C-4627-9E8F-DEB3789DD925" comID="1D3DEEAC-5F0C-46B3-9539-C8C6F42C6DCF" comLinkType="cltPageLink"/>
    <linkSource sourcePageID="E66D24D5-299F-4579-943B-D79B61292841" comID="8B706941-58BB-45AA-B06C-0F64E78138D1" comLinkType="cltPageLink"/>
    <linkSource sourcePageID="E66D24D5-299F-4579-943B-D79B61292841" comID="9FC14E5B-A88A-4CFC-987E-F32046B9C30D" comLinkType="cltPageLink"/>
    <linkSource sourcePageID="E66D24D5-299F-4579-943B-D79B61292841" comID="6A883703-0C8A-4823-A14C-8F8C2FEB8137" comLinkType="cltPageLink"/>
    <linkSource sourcePageID="E66D24D5-299F-4579-943B-D79B61292841" comID="17303528-8867-4D06-BA70-D8DDC6E5B01E" comLinkType="cltPageLink"/>
    <linkSource sourcePageID="E66D24D5-299F-4579-943B-D79B61292841" comID="3B41649A-439B-49AF-8297-1A59152513EA" comLinkType="cltPageLink"/>
    <linkSource sourcePageID="E66D24D5-299F-4579-943B-D79B61292841" comID="E9F0799F-361B-489E-9F05-7D17907F9C80" comLinkType="cltPageLink"/>
    <linkSource sourcePageID="E66D24D5-299F-4579-943B-D79B61292841" comID="E343B79E-F5EE-4C39-950B-D9BF80295B7D" comLinkType="cltPageLink"/>
    <linkSource sourcePageID="E66D24D5-299F-4579-943B-D79B61292841" comID="A0085321-FED9-4489-A396-A8201DB14781" comLinkType="cltPageLink"/>
    <linkSource sourcePageID="E66D24D5-299F-4579-943B-D79B61292841" comID="A758F0AE-8F33-41FD-96CB-941814E9BCAB" comLinkType="cltPageLink"/>
    <linkSource sourcePageID="E66D24D5-299F-4579-943B-D79B61292841" comID="7286CA75-090F-4DDC-BEC9-43A250C42FB7" comLinkType="cltPageLink"/>
    <linkSource sourcePageID="E66D24D5-299F-4579-943B-D79B61292841" comID="5EB101C1-7588-4328-8FA6-3785B8A5BA64" comLinkType="cltPageLink"/>
    <linkSource sourcePageID="E66D24D5-299F-4579-943B-D79B61292841" comID="D3212DA1-CD3A-4C5E-B2DF-18589CE6DE88" comLinkType="cltPageLink"/>
    <linkSource sourcePageID="E66D24D5-299F-4579-943B-D79B61292841" comID="BD4BF45E-119B-40E5-A0D7-BA87C3853B65" comLinkType="cltPageLink"/>
    <linkSource sourcePageID="E66D24D5-299F-4579-943B-D79B61292841" comID="D35FC418-20CE-40C9-B466-4DDE8261154C" comLinkType="cltPageLink"/>
    <linkSource sourcePageID="E66D24D5-299F-4579-943B-D79B61292841" comID="65EE8CCD-E73A-4ECB-8819-1E29349CA153" comLinkType="cltPageLink"/>
    <linkSource sourcePageID="895C8ADD-79B7-4A6E-90FE-68702D4E5B95" comID="616300C7-461A-4794-B236-E2BBDEA2A368" comLinkType="cltPageLink"/>
    <linkSource sourcePageID="5AEC84BB-31FE-4673-AF90-5E2FA86F4371" comID="5F58F567-4560-4A36-A5EF-FADB2165640B" comLinkType="cltPageLink"/>
    <linkSource sourcePageID="BD35A628-8FF8-46EE-8F40-7E43DDA584D3" comID="7E22C5D3-1D14-4F0C-924B-5A3D8914B9BC" comLinkType="cltPageLink"/>
    <linkSource sourcePageID="C30431CD-631B-4583-97CB-303318E17DCF" comID="5804C4F6-90BD-4C9E-A2A0-95B59141616A" comLinkType="cltPageLink"/>
    <linkSource sourcePageID="2CE04262-7504-498F-928C-C924B673D847" comID="EE4D722A-9A87-4829-B67C-9C0E03A0324E" comLinkType="cltPageLink"/>
    <linkSource sourcePageID="C5192FF4-5C3C-4627-9E8F-DEB3789DD925" comID="1DC2A797-863E-424D-8074-3FD97B71BE05" comLinkType="cltPageLink"/>
  </page>
  <page ID="C5192FF4-5C3C-4627-9E8F-DEB3789DD925">
    <linkSource sourcePageID="0F14120A-622B-4236-B671-68AF6BB11CA9" comID="FFFE29F0-F0AA-4E29-9060-D8C0ED4856A8" comLinkType="cltPageLink"/>
    <linkSource sourcePageID="4F82CEFD-599C-43A9-B283-C5C4FACF6D93" comID="CF4F8508-2452-48E0-8FBA-8F0FC948C4F5" comLinkType="cltPageLink"/>
    <linkSource sourcePageID="4F82CEFD-599C-43A9-B283-C5C4FACF6D93" comID="BC1A409B-665C-49FE-9964-FACEBDA7AB77" comLinkType="cltPageLink"/>
    <linkSource sourcePageID="4F82CEFD-599C-43A9-B283-C5C4FACF6D93" comID="120AF7FC-E2A2-4B0E-8568-7909B04A4355" comLinkType="cltPageLink"/>
    <linkSource sourcePageID="E66D24D5-299F-4579-943B-D79B61292841" comID="9F7EA8FB-9C35-4963-AADD-29062A5E94E8" comLinkType="cltPageLink"/>
  </page>
  <page ID="DD4F7C76-B531-4230-BC41-DD19B39BA5AE">
    <linkSource sourcePageID="0F14120A-622B-4236-B671-68AF6BB11CA9" comID="0C55F979-5814-4623-A29A-F0EE76D0C1A4" comLinkType="cltPageLink"/>
  </page>
  <page ID="4F82CEFD-599C-43A9-B283-C5C4FACF6D93">
    <linkSource sourcePageID="0F14120A-622B-4236-B671-68AF6BB11CA9" comID="504DF78B-9490-4BBB-BFD1-B63AC6132785" comLinkType="cltPageLink"/>
    <linkSource sourcePageID="C5192FF4-5C3C-4627-9E8F-DEB3789DD925" comID="17882D99-48B7-4D92-B58D-AB82F7C64943" comLinkType="cltPageLink"/>
    <linkSource sourcePageID="E66D24D5-299F-4579-943B-D79B61292841" comID="F3E2BA93-4F7D-4461-8994-2420338EDF60" comLinkType="cltPageLink"/>
    <linkSource sourcePageID="E66D24D5-299F-4579-943B-D79B61292841" comID="0D615193-0CD0-4132-904E-DDE5D42B5BBA" comLinkType="cltPageLink"/>
    <linkSource sourcePageID="C5192FF4-5C3C-4627-9E8F-DEB3789DD925" comID="51046D05-9880-450F-94A1-CA454B20CA4E" comLinkType="cltPageLink"/>
    <linkSource sourcePageID="C5192FF4-5C3C-4627-9E8F-DEB3789DD925" comID="B0E305D2-5D83-49E9-962B-8868A5E64078" comLinkType="cltPageLink"/>
    <linkSource sourcePageID="C5192FF4-5C3C-4627-9E8F-DEB3789DD925" comID="4AD44B71-F1D9-43B7-8CAF-E797DA1DF6D4" comLinkType="cltPageLink"/>
    <linkSource sourcePageID="C5192FF4-5C3C-4627-9E8F-DEB3789DD925" comID="40197144-4C83-4641-8E0E-D4084FB10322" comLinkType="cltPageLink"/>
  </page>
  <page ID="F733908A-C36F-4E06-8591-2F7C7AC6D74E">
    <linkSource sourcePageID="4F82CEFD-599C-43A9-B283-C5C4FACF6D93" comID="66890EBD-7DB1-4365-8B1F-F3146464807A" comLinkType="cltPageLink"/>
  </page>
  <page ID="E66D24D5-299F-4579-943B-D79B61292841">
    <linkSource sourcePageID="0F14120A-622B-4236-B671-68AF6BB11CA9" comID="504DF78B-9490-4BBB-BFD1-B63AC6132785" comLinkType="cltPageLink"/>
    <linkSource sourcePageID="0F14120A-622B-4236-B671-68AF6BB11CA9" comID="5D2B5C2E-2557-4206-ADEF-29C6909284FA" comLinkType="cltPageLink"/>
    <linkSource sourcePageID="0F14120A-622B-4236-B671-68AF6BB11CA9" comID="27C6AEB0-367B-4E46-9C56-FC6E6D692F2B" comLinkType="cltPageLink"/>
  </page>
  <page ID="66B577CB-EC6B-418C-81BE-C7D1C3062A1E">
    <linkSource sourcePageID="0F14120A-622B-4236-B671-68AF6BB11CA9" comID="746EA73C-B151-4BC3-A965-9AF846C9E894" comLinkType="cltPageLink"/>
    <linkSource sourcePageID="0F14120A-622B-4236-B671-68AF6BB11CA9" comID="45BC30A7-CC29-491A-BEA8-0E1D2A23E64C" comLinkType="cltPageLink"/>
    <linkSource sourcePageID="0F14120A-622B-4236-B671-68AF6BB11CA9" comID="967F83CC-E6BC-4620-88C4-E9FDC6B8DA1A" comLinkType="cltPageLink"/>
    <linkSource sourcePageID="108C00AC-F500-494F-9DE6-7CBEB16DCB17" comID="3F4CAB2D-A735-4F73-A162-CEF02187D27D" comLinkType="cltPageLink"/>
  </page>
  <page ID="108C00AC-F500-494F-9DE6-7CBEB16DCB17">
    <linkSource sourcePageID="66B577CB-EC6B-418C-81BE-C7D1C3062A1E" comID="86B77B73-C9A6-4EB1-A3E2-598ED729A9AF" comLinkType="cltPageLink"/>
  </page>
</LinkSources>