﻿<LinkSources version="1.02">
  <page ID="77B83CD0-2438-4C9F-8CB8-8CB10E59E26D">
    <linkSource sourcePageID="77B83CD0-2438-4C9F-8CB8-8CB10E59E26D" comID="87B23DD1-984E-4305-AFD6-915C95913ABD" comLinkType="cltPageLink"/>
    <linkSource sourcePageID="44A7FF4C-09E4-4EAA-896D-8860CAC6F281" comID="7D8DE3AA-00CB-4997-AB39-83F765991A4D" comLinkType="cltPageLink"/>
    <linkSource sourcePageID="44A7FF4C-09E4-4EAA-896D-8860CAC6F281" comID="A7975F7D-6C83-423C-BC5A-0476F9AEE166" comLinkType="cltPageLink"/>
  </page>
  <page ID="44A7FF4C-09E4-4EAA-896D-8860CAC6F281">
    <linkSource sourcePageID="44A7FF4C-09E4-4EAA-896D-8860CAC6F281" comID="87B23DD1-984E-4305-AFD6-915C95913ABD" comLinkType="cltPageLink"/>
    <linkSource sourcePageID="C10E5C20-7BAA-49CA-8CFE-8EB044FD610D" comID="165F4CB0-817A-45B6-92C4-F3C2A66D8C02" comLinkType="cltPageLink"/>
    <linkSource sourcePageID="77B83CD0-2438-4C9F-8CB8-8CB10E59E26D" comID="165F4CB0-817A-45B6-92C4-F3C2A66D8C02" comLinkType="cltPageLink"/>
    <linkSource sourcePageID="44A7FF4C-09E4-4EAA-896D-8860CAC6F281" comID="FEE4BA1C-B4E4-4523-9434-23BA769FC836" comLinkType="cltPageLink"/>
  </page>
  <page ID="B77E5E02-A3AB-4707-AB5E-53908DFA9D1F">
    <linkSource sourcePageID="687B4F8B-245B-46BC-9B26-231344320E2A" comID="0F803287-B295-4D47-AABF-677BAF40697C" comLinkType="cltPageLink"/>
    <linkSource sourcePageID="C10E5C20-7BAA-49CA-8CFE-8EB044FD610D" comID="1920E854-F671-404B-9B9C-7AF406ED8749" comLinkType="cltPageLink"/>
    <linkSource sourcePageID="77B83CD0-2438-4C9F-8CB8-8CB10E59E26D" comID="DED425B8-585E-4035-A3C4-5F261AF09D78" comLinkType="cltPageLink"/>
    <linkSource sourcePageID="79FADD4D-17CC-4475-B6A0-E9435C3C28F1" comID="1CF4CEDA-F3A7-4299-BE5B-C06966F12840" comLinkType="cltPageLink"/>
    <linkSource sourcePageID="A593E3B0-60C4-489A-B0AF-CFB6AF83E01C" comID="2A72FEE2-AC16-4B0B-9457-B664F5D4522B" comLinkType="cltPageLink"/>
  </page>
  <page ID="79FADD4D-17CC-4475-B6A0-E9435C3C28F1">
    <linkSource sourcePageID="B77E5E02-A3AB-4707-AB5E-53908DFA9D1F" comID="F00C812F-03E4-4183-9FF2-DE11C8787846" comLinkType="cltPageLink"/>
    <linkSource sourcePageID="79FADD4D-17CC-4475-B6A0-E9435C3C28F1" comID="F15514C4-71D7-44D4-80CE-4DF9ABE96974" comLinkType="cltPageLink"/>
    <linkSource sourcePageID="79FADD4D-17CC-4475-B6A0-E9435C3C28F1" comID="067C2F73-7553-4791-8432-329C9B70124A" comLinkType="cltPageLink"/>
    <linkSource sourcePageID="44A7FF4C-09E4-4EAA-896D-8860CAC6F281" comID="A7975F7D-6C83-423C-BC5A-0476F9AEE166" comLinkType="cltPageLink"/>
    <linkSource sourcePageID="44A7FF4C-09E4-4EAA-896D-8860CAC6F281" comID="FEE4BA1C-B4E4-4523-9434-23BA769FC836" comLinkType="cltPageLink"/>
    <linkSource sourcePageID="A593E3B0-60C4-489A-B0AF-CFB6AF83E01C" comID="22292CFC-A35E-463C-8CA0-8729993B2A50" comLinkType="cltPageLink"/>
    <linkSource sourcePageID="A593E3B0-60C4-489A-B0AF-CFB6AF83E01C" comID="E51C92D0-7CED-4703-9AEF-258428F622FD" comLinkType="cltPageLink"/>
    <linkSource sourcePageID="B77E5E02-A3AB-4707-AB5E-53908DFA9D1F" comID="BA5835CC-1AEC-4F80-B6B2-793021FADA72" comLinkType="cltPageLink"/>
    <linkSource sourcePageID="79FADD4D-17CC-4475-B6A0-E9435C3C28F1" comID="B1D80BCF-5A9F-4375-8DDD-260F35E41E11" comLinkType="cltPageLink"/>
    <linkSource sourcePageID="79FADD4D-17CC-4475-B6A0-E9435C3C28F1" comID="E992D8EC-BC8A-4DE1-BC80-1EA99B91646C" comLinkType="cltPageLink"/>
  </page>
  <page ID="A593E3B0-60C4-489A-B0AF-CFB6AF83E01C">
    <linkSource sourcePageID="B77E5E02-A3AB-4707-AB5E-53908DFA9D1F" comID="4AFAD0CC-62EE-493C-9D78-9627D7286866" comLinkType="cltPageLink"/>
    <linkSource sourcePageID="B77E5E02-A3AB-4707-AB5E-53908DFA9D1F" comID="F00C812F-03E4-4183-9FF2-DE11C8787846" comLinkType="cltPageLink"/>
    <linkSource sourcePageID="B77E5E02-A3AB-4707-AB5E-53908DFA9D1F" comID="BA5835CC-1AEC-4F80-B6B2-793021FADA72" comLinkType="cltPageLink"/>
    <linkSource sourcePageID="A593E3B0-60C4-489A-B0AF-CFB6AF83E01C" comID="22292CFC-A35E-463C-8CA0-8729993B2A50" comLinkType="cltPageLink"/>
    <linkSource sourcePageID="A593E3B0-60C4-489A-B0AF-CFB6AF83E01C" comID="E51C92D0-7CED-4703-9AEF-258428F622FD" comLinkType="cltPageLink"/>
  </page>
</LinkSources>