﻿<mockup version="5.1" minAllowVersion="5.1" ID="B77E5E02-A3AB-4707-AB5E-53908DFA9D1F" platform="MtWeb" defaultW="1100" defaultH="6000" measureW="1100" measureH="6000" mobileScreenScale="0">
  <controls controlCount="3">
    <control controlID="86AD7C74-B474-4CB2-86DB-B30F2B0A787E" controlTypeID="BrowserWindow" x="0" y="0" w="1100" h="922" zOrder="0">
      <font family="%E5%BE%AE%E8%BD%AF%E9%9B%85%E9%BB%91" displayName="%E5%BE%AE%E8%BD%AF%E9%9B%85%E9%BB%91" postScript="" weightStyle="Regular" weight="400" isBold="False" isItalic="False"/>
      <text>Mockplus%0D%0Ahttps%3A%2F%2Fwww.mockplus.cn</text>
      <textSize>14</textSize>
      <textVAlign>VaTop</textVAlign>
      <lineSpacing>0</lineSpacing>
      <selectedIndex>-1</selectedIndex>
    </control>
    <control controlID="64FAF854-266A-4F3A-9D6D-5791FFB1926C" controlTypeID="Tab" x="0" y="71" w="728" h="580" zOrder="1">
      <font family="%E5%BE%AE%E8%BD%AF%E9%9B%85%E9%BB%91" displayName="%E5%BE%AE%E8%BD%AF%E9%9B%85%E9%BB%91" postScript="" weightStyle="Regular" weight="400" isBold="False" isItalic="False"/>
      <text>%E5%AD%A6%E7%94%9F%E7%AE%A1%E7%90%86%EF%BC%8C%E6%95%99%E5%B8%88%E7%AE%A1%E7%90%86</text>
      <textSize>14</textSize>
      <lineSpacing>0</lineSpacing>
    </control>
    <control controlID="9DC4382C-DF93-40B6-9CC6-9D1BB00BA8BC" controlTypeID="DataGrid" x="132" y="191" w="400" h="200" zOrder="2">
      <font family="%E5%BE%AE%E8%BD%AF%E9%9B%85%E9%BB%91" displayName="%E5%BE%AE%E8%BD%AF%E9%9B%85%E9%BB%91" postScript="" weightStyle="Regular" weight="400" isBold="False" isItalic="False"/>
      <text>%E5%A7%93%E5%90%8D+%5E%2C+%E5%AD%A6%E5%8F%B7+%5Ev%2C+%E4%B8%93%E4%B8%9A%5Ev%2C%E4%BF%AE%E6%94%B9+%0D%0A%E5%BC%A0%E4%B8%89%2C170327001%2C+%E8%AE%A1%E7%AE%97%E6%9C%BA%E6%8A%80%E6%9C%AF%0D%0A%E6%9D%8E%E5%9B%9B%2C170327002%2C%E8%AE%A1%E7%AE%97%E6%9C%BA%E6%8A%80%E6%9C%AF%0D%0A%E7%8E%8B%E4%BA%94%2C170327055%2C+%E8%AE%A1%E7%AE%97%E6%9C%BA%E6%8A%80%E6%9C%AF%0D%0A%E8%B5%B5%E5%85%AD%2C170327014%2C+%E8%AE%A1%E7%AE%97%E6%9C%BA%E6%8A%80%E6%9C%AF%0D%0A%E5%91%A8%E4%B8%83%2C170327046%2C+%E8%AE%A1%E7%AE%97%E6%9C%BA%E6%8A%80%E6%9C%AF%0D%0A%7B4%2C4R%2C4R%7D</text>
      <textSize>14</textSize>
      <lineSpacing>0</lineSpacing>
      <columnRatio>{30,30,30,10}</columnRatio>
      <itemRect>[{"left":0,"top":0,"right":400,"bottom":22},{"left":0,"top":22,"right":400,"bottom":47},{"left":0,"top":47,"right":400,"bottom":72},{"left":0,"top":72,"right":400,"bottom":97},{"left":0,"top":97,"right":400,"bottom":122},{"left":0,"top":122,"right":400,"bottom":147}]</itemRect>
    </control>
  </controls>
  <param>
    <backgroundColor>4294967295</backgroundColor>
    <fontSize>0</fontSize>
    <fontFamily/>
    <guideLines/>
  </param>
</mockup>