﻿<mockup version="5.1" minAllowVersion="5.1" ID="44A7FF4C-09E4-4EAA-896D-8860CAC6F281" platform="MtWeb" defaultW="1100" defaultH="6000" measureW="1100" measureH="6000" mobileScreenScale="0">
  <controls controlCount="16">
    <control controlID="DED425B8-585E-4035-A3C4-5F261AF09D78" controlTypeID="ButtonBar" x="462" y="429" w="91" h="28" zOrder="0">
      <interactiveData>
        <entry title="%E7%A1%AE%E5%AE%9A">
          <area shape="0" alt="" ID="{14E64472-E543-472D-B1A9-C7599410FFCE}" coords="(0.5,0.5,90.5,27.5)"/>
          <events title="">
            <event eventType="atClick" isChecked="True">
              <behaviour title="" isChecked="True" isWait="False" isLoop="False" execMode="emParallel">
                <target targetID="B5D5B85F-49D5-4C02-BECD-896AC04DEDB5" isChecked="True" isAutoRecovery="False" isLoop="False" execMode="emSequence">
                  <command name="Popup State Change" isChecked="True" descrition="">
                    <param name="AniInterpolation" value="0" varType="3" description=""/>
                    <param name="AniDuration" value="200" varType="3" description=""/>
                    <param name="AniAutoReverse" value="False" varType="11" description=""/>
                    <param name="AniLoop" value="False" varType="11" description=""/>
                    <param name="AniInterpolationTypeOut" value="False" varType="11" description=""/>
                    <param name="Delay" value="0" varType="3" description=""/>
                    <param name="Value" value="2" varType="3" description=""/>
                    <param name="AniType" value="0" varType="3" description=""/>
                  </command>
                </target>
              </behaviour>
            </event>
          </events>
        </entry>
      </interactiveData>
      <font family="%E5%BE%AE%E8%BD%AF%E9%9B%85%E9%BB%91" displayName="%E5%BE%AE%E8%BD%AF%E9%9B%85%E9%BB%91" postScript="" weightStyle="Regular" weight="400" isBold="False" isItalic="False"/>
      <text>%E7%A1%AE%E5%AE%9A</text>
      <textSize>14</textSize>
      <lineSpacing>0</lineSpacing>
    </control>
    <control controlID="5C21F589-72A0-4125-9CC1-E9A5B281F9E5" controlTypeID="LabelTextInput" x="350" y="264" w="381" h="27" zOrder="1">
      <font family="%E5%BE%AE%E8%BD%AF%E9%9B%85%E9%BB%91" displayName="%E5%BE%AE%E8%BD%AF%E9%9B%85%E9%BB%91" postScript="" weightStyle="Regular" weight="400" isBold="False" isItalic="False"/>
      <text>%E6%96%B0%E5%AF%86%E7%A0%81%EF%BC%9A</text>
      <textSize>14</textSize>
      <lineSpacing>0</lineSpacing>
      <selectedIndex>-1</selectedIndex>
    </control>
    <control controlID="E8654E08-E519-492F-B44F-624490308C4C" controlTypeID="LabelTextInput" x="350" y="188" w="381" h="27" zOrder="2">
      <font family="%E5%BE%AE%E8%BD%AF%E9%9B%85%E9%BB%91" displayName="%E5%BE%AE%E8%BD%AF%E9%9B%85%E9%BB%91" postScript="" weightStyle="Regular" weight="400" isBold="False" isItalic="False"/>
      <text>%E8%B4%A6%E5%8F%B7%2F%E9%82%AE%E7%AE%B1%2F%E6%89%8B%E6%9C%BA%E5%8F%B7%EF%BC%9A</text>
      <textSize>14</textSize>
      <lineSpacing>0</lineSpacing>
      <selectedIndex>-1</selectedIndex>
    </control>
    <control controlID="9DDB5AA0-6DBC-44E7-9309-3E6D1AA53077" controlTypeID="LabelTextInput" x="350" y="356" w="381" h="27" zOrder="3">
      <font family="%E5%BE%AE%E8%BD%AF%E9%9B%85%E9%BB%91" displayName="%E5%BE%AE%E8%BD%AF%E9%9B%85%E9%BB%91" postScript="" weightStyle="Regular" weight="400" isBold="False" isItalic="False"/>
      <text>%E5%86%8D%E6%AC%A1%E8%BE%93%E5%85%A5%EF%BC%9A</text>
      <textSize>14</textSize>
      <lineSpacing>0</lineSpacing>
      <selectedIndex>-1</selectedIndex>
    </control>
    <control controlID="370206A8-8FB2-4F7E-ACED-186C28E5878E" controlTypeID="Label" x="489" y="119" w="121" h="37" zOrder="4">
      <font family="%E5%BE%AE%E8%BD%AF%E9%9B%85%E9%BB%91" displayName="%E5%BE%AE%E8%BD%AF%E9%9B%85%E9%BB%91" postScript="" weightStyle="Regular" weight="400" isBold="False" isItalic="False"/>
      <text>%E5%BF%98%E8%AE%B0%E5%AF%86%E7%A0%81</text>
      <textSize>28</textSize>
      <lineSpacing>0</lineSpacing>
      <useDefaultTextSize>False</useDefaultTextSize>
      <selectedIndex>-1</selectedIndex>
    </control>
    <control controlID="7D8DE3AA-00CB-4997-AB39-83F765991A4D" controlTypeID="ButtonBar" x="608" y="429" w="97" h="28" zOrder="5">
      <links eventType="AtClick" animate="AmNone" animateAutoDelay="0" animateDuration="500">
        <link targetPageID="77B83CD0-2438-4C9F-8CB8-8CB10E59E26D" linkType="ltPageLink" isApplyIncludePage="False" title="%E8%BF%94%E5%9B%9E">
          <area shape="0" alt="" ID="{F09106E6-B0F0-4019-BE5E-EBCA17F879B4}" coords="(0.5,0.5,96.5,27.5)"/>
        </link>
      </links>
      <font family="%E5%BE%AE%E8%BD%AF%E9%9B%85%E9%BB%91" displayName="%E5%BE%AE%E8%BD%AF%E9%9B%85%E9%BB%91" postScript="" weightStyle="Regular" weight="400" isBold="False" isItalic="False"/>
      <text>%E8%BF%94%E5%9B%9E</text>
      <textSize>14</textSize>
      <lineSpacing>0</lineSpacing>
    </control>
    <control controlID="B5D5B85F-49D5-4C02-BECD-896AC04DEDB5" controlTypeID="PopupPanel" x="535" y="535" w="46" h="46" zOrder="6">
      <groupChildrenDescriptors>
        <control controlID="F7E8B991-1EF0-4FDD-872C-D8114A8794E9" controlTypeID="Panel" x="0" y="0" w="1100" h="6000" zOrder="0">
          <locked>True</locked>
          <color>1879048192</color>
          <borderVisible>False</borderVisible>
          <canMove>False</canMove>
          <alias>background</alias>
          <groupChildrenDescriptors>
            <control controlID="99B049EA-07B6-489B-BC3E-868BE937CC4A" controlTypeID="Border" x="0" y="0" w="1100" h="6000" zOrder="0">
              <caption>%E8%BE%B9%E6%A1%86</caption>
              <borderVisible>False</borderVisible>
              <alias>borderLayer</alias>
            </control>
          </groupChildrenDescriptors>
          <thinkness>1</thinkness>
        </control>
        <control controlID="EF645F7B-6AB8-4343-A8D3-F2DB02B1256B" controlTypeID="PopupPanelContent" x="347" y="373" w="370" h="410" zOrder="1">
          <color>16777215</color>
          <alias>content</alias>
          <groupChildrenDescriptors>
            <control controlID="BE24A078-868A-46BC-9322-2BA8452AA0DC" controlTypeID="Panel" x="0" y="0" w="370" h="410" zOrder="0">
              <groupChildrenDescriptors>
                <control controlID="632F4204-AEA8-4F76-9657-C50D85D50092" controlTypeID="Label" x="152" y="60" w="66" h="37" zOrder="0">
                  <font family="%E5%BE%AE%E8%BD%AF%E9%9B%85%E9%BB%91" displayName="%E5%BE%AE%E8%BD%AF%E9%9B%85%E9%BB%91" postScript="" weightStyle="Regular" weight="400" isBold="False" isItalic="False"/>
                  <text>%E6%8F%90%E7%A4%BA</text>
                  <textSize>28</textSize>
                  <lineSpacing>0</lineSpacing>
                  <useDefaultTextSize>False</useDefaultTextSize>
                  <selectedIndex>-1</selectedIndex>
                </control>
                <control controlID="A7975F7D-6C83-423C-BC5A-0476F9AEE166" controlTypeID="Button" x="72" y="272" w="70" h="28" zOrder="1">
                  <links eventType="AtClick" animate="AmNone" animateAutoDelay="0" animateDuration="500">
                    <link targetPageID="77B83CD0-2438-4C9F-8CB8-8CB10E59E26D" linkType="ltPageLink" isApplyIncludePage="False" title="login">
                      <area shape="0" alt="" ID="{18B83A8E-BB9F-44E3-B0D1-9B9D8559F659}" coords="(0,0,70,28)"/>
                    </link>
                  </links>
                  <font family="%E5%BE%AE%E8%BD%AF%E9%9B%85%E9%BB%91" displayName="%E5%BE%AE%E8%BD%AF%E9%9B%85%E9%BB%91" postScript="" weightStyle="Regular" weight="400" isBold="False" isItalic="False"/>
                  <text>%E7%A1%AE%E5%AE%9A</text>
                  <lineSpacing>0</lineSpacing>
                  <selectedIndex>-1</selectedIndex>
                  <radius>4</radius>
                </control>
                <control controlID="FEE4BA1C-B4E4-4523-9434-23BA769FC836" controlTypeID="Button" x="236" y="272" w="70" h="28" zOrder="2">
                  <links eventType="AtClick" animate="AmNone" animateAutoDelay="0" animateDuration="500">
                    <link targetPageID="44A7FF4C-09E4-4EAA-896D-8860CAC6F281" linkType="ltPageLink" isApplyIncludePage="False" title="forgetpassword">
                      <area shape="0" alt="" ID="{7EA1BB92-520F-4BBD-B171-81B3B840EB7C}" coords="(0,0,70,28)"/>
                    </link>
                  </links>
                  <font family="%E5%BE%AE%E8%BD%AF%E9%9B%85%E9%BB%91" displayName="%E5%BE%AE%E8%BD%AF%E9%9B%85%E9%BB%91" postScript="" weightStyle="Regular" weight="400" isBold="False" isItalic="False"/>
                  <text>%E8%BF%94%E5%9B%9E</text>
                  <lineSpacing>0</lineSpacing>
                  <selectedIndex>-1</selectedIndex>
                  <radius>4</radius>
                </control>
                <control controlID="77E76ABF-AF95-45A0-A520-9F57D2874B4E" controlTypeID="Label" x="88" y="159" w="194" h="37" zOrder="3">
                  <font family="%E5%BE%AE%E8%BD%AF%E9%9B%85%E9%BB%91" displayName="%E5%BE%AE%E8%BD%AF%E9%9B%85%E9%BB%91" postScript="" weightStyle="Regular" weight="400" isBold="False" isItalic="False"/>
                  <text>%E5%AF%86%E7%A0%81%E4%BF%AE%E6%94%B9%E6%88%90%E5%8A%9F%EF%BC%81</text>
                  <textSize>28</textSize>
                  <lineSpacing>0</lineSpacing>
                  <useDefaultTextSize>False</useDefaultTextSize>
                  <selectedIndex>-1</selectedIndex>
                </control>
                <control controlID="3F7A2A7A-2442-4275-B48E-922C2CD7454C" controlTypeID="Border" x="0" y="0" w="370" h="410" zOrder="4">
                  <caption>%E8%BE%B9%E6%A1%86</caption>
                  <alias>borderLayer</alias>
                </control>
              </groupChildrenDescriptors>
              <thinkness>1</thinkness>
            </control>
          </groupChildrenDescriptors>
        </control>
      </groupChildrenDescriptors>
    </control>
  </controls>
  <param>
    <backgroundColor>4294967295</backgroundColor>
    <fontSize>0</fontSize>
    <fontFamily/>
    <guideLines/>
  </param>
</mockup>