﻿<mockup version="5.1" minAllowVersion="5.1" ID="687B4F8B-245B-46BC-9B26-231344320E2A" platform="MtWeb" defaultW="1100" defaultH="6000" measureW="1100" measureH="6000" mobileScreenScale="0">
  <controls controlCount="15">
    <control controlID="5E851471-7990-48A0-83D7-27AE95B63459" controlTypeID="RadioButton" x="155" y="438" w="69" h="19" zOrder="0">
      <font family="%E5%BE%AE%E8%BD%AF%E9%9B%85%E9%BB%91" displayName="%E5%BE%AE%E8%BD%AF%E9%9B%85%E9%BB%91" postScript="" weightStyle="Regular" weight="400" isBold="False" isItalic="False"/>
      <text>%E5%AD%A6%E7%94%9F</text>
      <lineSpacing>0</lineSpacing>
      <selectedIndex>-1</selectedIndex>
      <size>13</size>
    </control>
    <control controlID="97DE13FE-6CB3-42B7-8F28-AC751128249F" controlTypeID="Label" x="68" y="435" w="41" h="19" zOrder="1">
      <font family="%E5%BE%AE%E8%BD%AF%E9%9B%85%E9%BB%91" displayName="%E5%BE%AE%E8%BD%AF%E9%9B%85%E9%BB%91" postScript="" weightStyle="Regular" weight="400" isBold="False" isItalic="False"/>
      <text>%E8%A7%92%E8%89%B2%EF%BC%9A</text>
      <lineSpacing>0</lineSpacing>
      <selectedIndex>-1</selectedIndex>
    </control>
    <control controlID="DAEB20B6-71F8-400F-AFDF-15BE6099D9EE" controlTypeID="RadioButton" x="254" y="437" w="141" h="19" zOrder="2">
      <font family="%E5%BE%AE%E8%BD%AF%E9%9B%85%E9%BB%91" displayName="%E5%BE%AE%E8%BD%AF%E9%9B%85%E9%BB%91" postScript="" weightStyle="Regular" weight="400" isBold="False" isItalic="False"/>
      <text>%E8%80%81%E5%B8%88</text>
      <lineSpacing>0</lineSpacing>
      <selectedIndex>-1</selectedIndex>
      <size>13</size>
    </control>
    <control controlID="4F59972B-B2EC-42A2-B797-14CF36F59B1B" controlTypeID="LabelTextInput" x="70" y="454" w="387" h="27" zOrder="3">
      <font family="%E5%BE%AE%E8%BD%AF%E9%9B%85%E9%BB%91" displayName="%E5%BE%AE%E8%BD%AF%E9%9B%85%E9%BB%91" postScript="" weightStyle="Regular" weight="400" isBold="False" isItalic="False"/>
      <text>%E9%AA%8C%E8%AF%81%E7%A0%81%EF%BC%9A</text>
      <textSize>14</textSize>
      <lineSpacing>0</lineSpacing>
      <selectedIndex>-1</selectedIndex>
    </control>
    <control controlID="FBFC2AC5-2EAC-4BEF-96C4-10F062F3BC8F" controlTypeID="ButtonBar" x="120" y="515" w="335" h="28" zOrder="4">
      <interactiveData>
        <entry title="%E6%B3%A8%E5%86%8C">
          <area shape="0" alt="" ID="{7277C2D8-D622-4778-9DC8-3D11AFCA68D4}" coords="(0.5,0.5,334.5,27.5)"/>
          <events title="">
            <event eventType="atClick" isChecked="True">
              <behaviour title="" isChecked="True" isWait="False" isLoop="False" execMode="emParallel">
                <target targetID="943F1B90-9F53-42FF-BD3D-ABB5F1714A29" isChecked="True" isAutoRecovery="False" isLoop="False" execMode="emSequence">
                  <command name="Change Visibility" isChecked="True" descrition="">
                    <param name="AniInterpolation" value="1" varType="3" description=""/>
                    <param name="AniDuration" value="200" varType="3" description=""/>
                    <param name="AniAutoReverse" value="False" varType="11" description=""/>
                    <param name="AniLoop" value="False" varType="11" description=""/>
                    <param name="AniInterpolationTypeOut" value="False" varType="11" description=""/>
                    <param name="Delay" value="0" varType="3" description=""/>
                    <param name="ValueFromCurrent" value="True" varType="11" description=""/>
                    <param name="ForceFromInitValue" value="False" varType="11" description=""/>
                    <param name="ForceSetVisible" value="False" varType="11" description=""/>
                    <param name="Value" value="2" varType="3" description=""/>
                    <param name="TerminateLoopByClick" value="True" varType="11" description=""/>
                  </command>
                </target>
              </behaviour>
            </event>
          </events>
        </entry>
      </interactiveData>
      <font family="%E5%BE%AE%E8%BD%AF%E9%9B%85%E9%BB%91" displayName="%E5%BE%AE%E8%BD%AF%E9%9B%85%E9%BB%91" postScript="" weightStyle="Regular" weight="400" isBold="False" isItalic="False"/>
      <text>%E6%B3%A8%E5%86%8C</text>
      <textSize>14</textSize>
      <lineSpacing>0</lineSpacing>
    </control>
    <control controlID="1D34103D-F38B-4CAB-81A1-DE1993B3DC57" controlTypeID="LabelTextInput" x="68" y="335" w="387" h="27" zOrder="5">
      <font family="%E5%BE%AE%E8%BD%AF%E9%9B%85%E9%BB%91" displayName="%E5%BE%AE%E8%BD%AF%E9%9B%85%E9%BB%91" postScript="" weightStyle="Regular" weight="400" isBold="False" isItalic="False"/>
      <text>%E6%89%8B%E6%9C%BA%E5%8F%B7%EF%BC%9A</text>
      <textSize>14</textSize>
      <lineSpacing>0</lineSpacing>
      <selectedIndex>-1</selectedIndex>
    </control>
    <control controlID="7D65A1E5-B3BB-450C-B735-98A67F6F7199" controlTypeID="LabelTextInput" x="74" y="196" w="381" h="27" zOrder="6">
      <font family="%E5%BE%AE%E8%BD%AF%E9%9B%85%E9%BB%91" displayName="%E5%BE%AE%E8%BD%AF%E9%9B%85%E9%BB%91" postScript="" weightStyle="Regular" weight="400" isBold="False" isItalic="False"/>
      <text>%E9%82%AE%E7%AE%B1%EF%BC%9A</text>
      <textSize>14</textSize>
      <lineSpacing>0</lineSpacing>
      <selectedIndex>-1</selectedIndex>
    </control>
    <control controlID="7D7478E2-BE6F-4DBD-8B55-65D8E2377A3B" controlTypeID="LabelTextInput" x="74" y="380" w="381" h="27" zOrder="7">
      <font family="%E5%BE%AE%E8%BD%AF%E9%9B%85%E9%BB%91" displayName="%E5%BE%AE%E8%BD%AF%E9%9B%85%E9%BB%91" postScript="" weightStyle="Regular" weight="400" isBold="False" isItalic="False"/>
      <text>%E5%AD%A6%E6%A0%A1%EF%BC%9A</text>
      <textSize>14</textSize>
      <lineSpacing>0</lineSpacing>
      <selectedIndex>-1</selectedIndex>
    </control>
    <control controlID="C5D690E5-E8E2-46D8-AA32-3665ABABF03C" controlTypeID="LabelTextInput" x="74" y="249" w="381" h="27" zOrder="8">
      <font family="%E5%BE%AE%E8%BD%AF%E9%9B%85%E9%BB%91" displayName="%E5%BE%AE%E8%BD%AF%E9%9B%85%E9%BB%91" postScript="" weightStyle="Regular" weight="400" isBold="False" isItalic="False"/>
      <text>%E5%A7%93%E5%90%8D%EF%BC%9A</text>
      <textSize>14</textSize>
      <lineSpacing>0</lineSpacing>
      <selectedIndex>-1</selectedIndex>
    </control>
    <control controlID="B73DC4E1-AAC9-4647-A2E4-56F37BFD5B99" controlTypeID="LabelTextInput" x="74" y="149" w="381" h="27" zOrder="9">
      <font family="%E5%BE%AE%E8%BD%AF%E9%9B%85%E9%BB%91" displayName="%E5%BE%AE%E8%BD%AF%E9%9B%85%E9%BB%91" postScript="" weightStyle="Regular" weight="400" isBold="False" isItalic="False"/>
      <text>%E5%AF%86%E7%A0%81%EF%BC%9A</text>
      <textSize>14</textSize>
      <lineSpacing>0</lineSpacing>
      <selectedIndex>-1</selectedIndex>
    </control>
    <control controlID="577A87B1-B7A4-47F8-AAE3-036DB1A020FB" controlTypeID="LabelTextInput" x="74" y="293" w="381" h="27" zOrder="10">
      <font family="%E5%BE%AE%E8%BD%AF%E9%9B%85%E9%BB%91" displayName="%E5%BE%AE%E8%BD%AF%E9%9B%85%E9%BB%91" postScript="" weightStyle="Regular" weight="400" isBold="False" isItalic="False"/>
      <text>%E5%AD%A6%E6%A0%A1%EF%BC%9A</text>
      <textSize>14</textSize>
      <lineSpacing>0</lineSpacing>
      <selectedIndex>-1</selectedIndex>
    </control>
    <control controlID="12B15899-E68D-41DF-9391-8F142E46183E" controlTypeID="LabelTextInput" x="74" y="102" w="381" h="27" zOrder="11">
      <font family="%E5%BE%AE%E8%BD%AF%E9%9B%85%E9%BB%91" displayName="%E5%BE%AE%E8%BD%AF%E9%9B%85%E9%BB%91" postScript="" weightStyle="Regular" weight="400" isBold="False" isItalic="False"/>
      <text>%E8%B4%A6%E5%8F%B7%EF%BC%9A</text>
      <textSize>14</textSize>
      <lineSpacing>0</lineSpacing>
      <selectedIndex>-1</selectedIndex>
    </control>
    <control controlID="1C22D27F-1871-47EF-8067-7DB999AE9C58" controlTypeID="Label" x="209" y="29" w="122" h="37" zOrder="12">
      <font family="%E5%BE%AE%E8%BD%AF%E9%9B%85%E9%BB%91" displayName="%E5%BE%AE%E8%BD%AF%E9%9B%85%E9%BB%91" postScript="" weightStyle="Regular" weight="400" isBold="False" isItalic="False"/>
      <text>%E7%94%A8%E6%88%B7%E6%B3%A8%E5%86%8C</text>
      <textSize>28</textSize>
      <lineSpacing>0</lineSpacing>
      <useDefaultTextSize>False</useDefaultTextSize>
      <selectedIndex>-1</selectedIndex>
    </control>
    <control controlID="0F803287-B295-4D47-AABF-677BAF40697C" controlTypeID="BreadCrumbs" x="68" y="11" w="68" h="19" zOrder="13">
      <links eventType="AtClick" animate="AmNone" animateAutoDelay="0" animateDuration="500">
        <link targetPageID="B77E5E02-A3AB-4707-AB5E-53908DFA9D1F" linkType="ltPageLink" isApplyIncludePage="False" title="%E9%A6%96%E9%A1%B5">
          <area shape="0" alt="" ID="{EF49B53D-600B-46A9-8D7D-798466C7139E}" coords="(0,0,28,19)"/>
        </link>
        <link targetPageID="" linkType="ltPageLink" isApplyIncludePage="False" title="%E6%B3%A8%E5%86%8C">
          <area shape="0" alt="" ID="{7250588B-4B2B-4DE7-A20A-ADB276E29416}" coords="(40,0,68,19)"/>
        </link>
      </links>
      <font family="%E5%BE%AE%E8%BD%AF%E9%9B%85%E9%BB%91" displayName="%E5%BE%AE%E8%BD%AF%E9%9B%85%E9%BB%91" postScript="" weightStyle="Regular" weight="400" isBold="False" isItalic="False"/>
      <text>%E9%A6%96%E9%A1%B5%2C%E6%B3%A8%E5%86%8C</text>
      <textSize>14</textSize>
      <lineSpacing>0</lineSpacing>
    </control>
    <control controlID="943F1B90-9F53-42FF-BD3D-ABB5F1714A29" controlTypeID="Alert" x="588" y="522" w="200" h="130" zOrder="14">
      <font family="%E5%BE%AE%E8%BD%AF%E9%9B%85%E9%BB%91" displayName="%E5%BE%AE%E8%BD%AF%E9%9B%85%E9%BB%91" postScript="" weightStyle="Regular" weight="400" isBold="False" isItalic="False"/>
      <text>%E6%8F%90%E7%A4%BA%0D%0A%E6%B3%A8%E5%86%8C%E6%88%90%E5%8A%9F%EF%BC%81%0D%0A%E7%A1%AE%E5%AE%9A</text>
      <textSize>14</textSize>
      <lineSpacing>0</lineSpacing>
    </control>
  </controls>
  <param>
    <backgroundColor>4294967295</backgroundColor>
    <fontSize>0</fontSize>
    <fontFamily/>
    <guideLines/>
  </param>
</mockup>