﻿<mockup version="5.1" minAllowVersion="5.1" ID="77B83CD0-2438-4C9F-8CB8-8CB10E59E26D" platform="MtWeb" defaultW="1100" defaultH="6000" measureW="1100" measureH="6000" mobileScreenScale="0">
  <controls controlCount="7">
    <control controlID="8CB35FD2-DDD3-4239-AEAC-6DEC30354E43" controlTypeID="Master" x="0" y="0" w="1100" h="939" zOrder="0" masterID="EE70EFB5-AFF7-4AF8-B2FE-C0E5F2810487">
      <groupChildrenDescriptors>
        <control controlID="1E1BB629-6212-47C4-9AE1-84F105E0197B" controlTypeID="BrowserWindow" x="0" y="0" w="1100" h="939" zOrder="0">
          <font family="%E5%BE%AE%E8%BD%AF%E9%9B%85%E9%BB%91" displayName="%E5%BE%AE%E8%BD%AF%E9%9B%85%E9%BB%91" postScript="" weightStyle="Regular" weight="400" isBold="False" isItalic="False"/>
          <text>%E7%99%BB%E5%BD%95%0D%0Ahttps%3A%2F%2Fwww.kaoqins.cn</text>
          <textSize>14</textSize>
          <textVAlign>VaTop</textVAlign>
          <lineSpacing>0</lineSpacing>
          <selectedIndex>-1</selectedIndex>
        </control>
      </groupChildrenDescriptors>
    </control>
    <control controlID="DED425B8-585E-4035-A3C4-5F261AF09D78" controlTypeID="ButtonBar" x="511" y="312" w="335" h="28" zOrder="1">
      <links eventType="AtClick" animate="AmNone" animateAutoDelay="0" animateDuration="500">
        <link targetPageID="B77E5E02-A3AB-4707-AB5E-53908DFA9D1F" linkType="ltPageLink" isApplyIncludePage="False" title="%E7%99%BB%E5%BD%95">
          <area shape="0" alt="" ID="{C1F0A40E-4118-45D5-A54A-0DFE01C277F9}" coords="(0.5,0.5,334.5,27.5)"/>
        </link>
      </links>
      <font family="%E5%BE%AE%E8%BD%AF%E9%9B%85%E9%BB%91" displayName="%E5%BE%AE%E8%BD%AF%E9%9B%85%E9%BB%91" postScript="" weightStyle="Regular" weight="400" isBold="False" isItalic="False"/>
      <text>%E7%99%BB%E5%BD%95</text>
      <textSize>14</textSize>
      <lineSpacing>0</lineSpacing>
    </control>
    <control controlID="5C21F589-72A0-4125-9CC1-E9A5B281F9E5" controlTypeID="LabelTextInput" x="465" y="261" w="381" h="27" zOrder="2">
      <font family="%E5%BE%AE%E8%BD%AF%E9%9B%85%E9%BB%91" displayName="%E5%BE%AE%E8%BD%AF%E9%9B%85%E9%BB%91" postScript="" weightStyle="Regular" weight="400" isBold="False" isItalic="False"/>
      <text>%E5%AF%86%E7%A0%81%EF%BC%9A</text>
      <textSize>14</textSize>
      <lineSpacing>0</lineSpacing>
      <selectedIndex>-1</selectedIndex>
    </control>
    <control controlID="E8654E08-E519-492F-B44F-624490308C4C" controlTypeID="LabelTextInput" x="465" y="199" w="381" h="27" zOrder="3">
      <font family="%E5%BE%AE%E8%BD%AF%E9%9B%85%E9%BB%91" displayName="%E5%BE%AE%E8%BD%AF%E9%9B%85%E9%BB%91" postScript="" weightStyle="Regular" weight="400" isBold="False" isItalic="False"/>
      <text>%E8%B4%A6%E5%8F%B7%EF%BC%9A</text>
      <textSize>14</textSize>
      <lineSpacing>0</lineSpacing>
      <selectedIndex>-1</selectedIndex>
    </control>
    <control controlID="370206A8-8FB2-4F7E-ACED-186C28E5878E" controlTypeID="Label" x="648" y="138" w="66" h="37" zOrder="4">
      <font family="%E5%BE%AE%E8%BD%AF%E9%9B%85%E9%BB%91" displayName="%E5%BE%AE%E8%BD%AF%E9%9B%85%E9%BB%91" postScript="" weightStyle="Regular" weight="400" isBold="False" isItalic="False"/>
      <text>%E7%99%BB%E5%BD%95</text>
      <textSize>28</textSize>
      <lineSpacing>0</lineSpacing>
      <useDefaultTextSize>False</useDefaultTextSize>
      <selectedIndex>-1</selectedIndex>
    </control>
    <control controlID="165F4CB0-817A-45B6-92C4-F3C2A66D8C02" controlTypeID="Label" x="561" y="364" w="72" h="19" zOrder="5">
      <links eventType="AtClick" animate="AmNone" animateAutoDelay="0" animateDuration="500">
        <link targetPageID="44A7FF4C-09E4-4EAA-896D-8860CAC6F281" linkType="ltPageLink" isApplyIncludePage="False" title="login1">
          <area shape="0" alt="" ID="{04553F1C-4A75-4DCA-934E-EBB531FDE0E8}" coords="(0,0,72,19)"/>
        </link>
      </links>
      <font family="%E5%BE%AE%E8%BD%AF%E9%9B%85%E9%BB%91" displayName="%E5%BE%AE%E8%BD%AF%E9%9B%85%E9%BB%91" postScript="" weightStyle="Regular" weight="400" isBold="False" isItalic="False"/>
      <text>%E5%BF%98%E8%AE%B0%E5%AF%86%E7%A0%81%EF%BC%9F</text>
      <textColor>4278229452</textColor>
      <lineSpacing>0</lineSpacing>
      <selectedIndex>-1</selectedIndex>
    </control>
  </controls>
  <param>
    <backgroundColor>4294967295</backgroundColor>
    <fontSize>0</fontSize>
    <fontFamily/>
    <guideLines/>
  </param>
</mockup>