﻿<mockup version="5.1" minAllowVersion="5.1" ID="79FADD4D-17CC-4475-B6A0-E9435C3C28F1" platform="MtWeb" defaultW="1100" defaultH="6000" measureW="1100" measureH="6000" mobileScreenScale="0">
  <controls controlCount="19">
    <control controlID="86AD7C74-B474-4CB2-86DB-B30F2B0A787E" controlTypeID="BrowserWindow" x="0" y="0" w="1100" h="922" zOrder="0">
      <font family="%E5%BE%AE%E8%BD%AF%E9%9B%85%E9%BB%91" displayName="%E5%BE%AE%E8%BD%AF%E9%9B%85%E9%BB%91" postScript="" weightStyle="Regular" weight="400" isBold="False" isItalic="False"/>
      <text>%E8%80%83%E5%8B%A4%E7%AE%A1%E7%90%86%E7%B3%BB%E7%BB%9F+%0D%0Ahttps%3A%2F%2Fwww.kaoqins.cn</text>
      <textSize>14</textSize>
      <textVAlign>VaTop</textVAlign>
      <lineSpacing>0</lineSpacing>
      <selectedIndex>-1</selectedIndex>
    </control>
    <control controlID="64FAF854-266A-4F3A-9D6D-5791FFB1926C" controlTypeID="Tab" x="0" y="71" w="1080" h="831" zOrder="1">
      <font family="%E5%BE%AE%E8%BD%AF%E9%9B%85%E9%BB%91" displayName="%E5%BE%AE%E8%BD%AF%E9%9B%85%E9%BB%91" postScript="" weightStyle="Regular" weight="400" isBold="False" isItalic="False"/>
      <text>%E9%A6%96%E9%A1%B5%EF%BC%8C%E5%AD%A6%E7%94%9F%E7%AE%A1%E7%90%86%EF%BC%8C%E6%95%99%E5%B8%88%E7%AE%A1%E7%90%86</text>
      <textSize>14</textSize>
      <lineSpacing>0</lineSpacing>
    </control>
    <control controlID="9DC4382C-DF93-40B6-9CC6-9D1BB00BA8BC" controlTypeID="DataGrid" x="132" y="191" w="400" h="200" zOrder="2">
      <interactiveData>
        <entry title="%E5%A7%93%E5%90%8D+%5E%2C+%E5%AD%A6%E5%8F%B7+%5Ev%2C+%E4%B8%93%E4%B8%9A+">
          <area shape="0" alt="" ID="{F5A2761B-6267-42D9-9891-7A8363A8897D}" coords="(0,0.00999999977648258,400,22.0100002288818)"/>
          <events title=""/>
        </entry>
        <entry title="%E5%BC%A0%E4%B8%89%2C170327001%2C+%E8%AE%A1%E7%AE%97%E6%9C%BA%E6%8A%80%E6%9C%AF">
          <area shape="0" alt="" ID="{8642AA1A-E723-4543-B0A6-AC2422CA6B0A}" coords="(0,22,400,47)"/>
          <events title="">
            <event eventType="atClick" isChecked="True">
              <behaviour title="" isChecked="True" isWait="False" isLoop="False" execMode="emParallel">
                <target targetID="F1F29A53-7B39-47F8-AE38-64EEEB620C5C" isChecked="True" isAutoRecovery="False" isLoop="False" execMode="emSequence">
                  <command name="Popup State Change" isChecked="True" descrition="">
                    <param name="AniInterpolation" value="0" varType="3" description=""/>
                    <param name="AniDuration" value="200" varType="3" description=""/>
                    <param name="AniAutoReverse" value="False" varType="11" description=""/>
                    <param name="AniLoop" value="False" varType="11" description=""/>
                    <param name="AniInterpolationTypeOut" value="False" varType="11" description=""/>
                    <param name="Delay" value="0" varType="3" description=""/>
                    <param name="Value" value="2" varType="3" description=""/>
                    <param name="AniType" value="0" varType="3" description=""/>
                  </command>
                </target>
              </behaviour>
            </event>
          </events>
        </entry>
        <entry title="%E6%9D%8E%E5%9B%9B%2C170327002%2C%E8%AE%A1%E7%AE%97%E6%9C%BA%E6%8A%80%E6%9C%AF">
          <area shape="0" alt="" ID="{86303786-B545-4A14-ABAA-6AE1C374C199}" coords="(0,47,400,72)"/>
          <events title="">
            <event eventType="atClick" isChecked="True">
              <behaviour title="" isChecked="True" isWait="False" isLoop="False" execMode="emParallel">
                <target targetID="F1F29A53-7B39-47F8-AE38-64EEEB620C5C" isChecked="True" isAutoRecovery="False" isLoop="False" execMode="emSequence">
                  <command name="Popup State Change" isChecked="True" descrition="">
                    <param name="AniInterpolation" value="0" varType="3" description=""/>
                    <param name="AniDuration" value="200" varType="3" description=""/>
                    <param name="AniAutoReverse" value="False" varType="11" description=""/>
                    <param name="AniLoop" value="False" varType="11" description=""/>
                    <param name="AniInterpolationTypeOut" value="False" varType="11" description=""/>
                    <param name="Delay" value="0" varType="3" description=""/>
                    <param name="Value" value="2" varType="3" description=""/>
                    <param name="AniType" value="0" varType="3" description=""/>
                  </command>
                </target>
              </behaviour>
            </event>
          </events>
        </entry>
        <entry title="%E7%8E%8B%E4%BA%94%2C170327055%2C+%E8%AE%A1%E7%AE%97%E6%9C%BA%E6%8A%80%E6%9C%AF">
          <area shape="0" alt="" ID="{9A606DF4-6286-4B06-9E5C-7FCF5853EC71}" coords="(0,72,400,97)"/>
          <events title="">
            <event eventType="atClick" isChecked="True">
              <behaviour title="" isChecked="True" isWait="False" isLoop="False" execMode="emParallel">
                <target targetID="F1F29A53-7B39-47F8-AE38-64EEEB620C5C" isChecked="True" isAutoRecovery="False" isLoop="False" execMode="emSequence">
                  <command name="Popup State Change" isChecked="True" descrition="">
                    <param name="AniInterpolation" value="0" varType="3" description=""/>
                    <param name="AniDuration" value="200" varType="3" description=""/>
                    <param name="AniAutoReverse" value="False" varType="11" description=""/>
                    <param name="AniLoop" value="False" varType="11" description=""/>
                    <param name="AniInterpolationTypeOut" value="False" varType="11" description=""/>
                    <param name="Delay" value="0" varType="3" description=""/>
                    <param name="Value" value="2" varType="3" description=""/>
                    <param name="AniType" value="0" varType="3" description=""/>
                  </command>
                </target>
              </behaviour>
            </event>
          </events>
        </entry>
        <entry title="%E8%B5%B5%E5%85%AD%2C170327014%2C+%E8%AE%A1%E7%AE%97%E6%9C%BA%E6%8A%80%E6%9C%AF">
          <area shape="0" alt="" ID="{BE44BA44-4E10-408D-8E85-F85647500155}" coords="(0,97,400,122)"/>
          <events title="">
            <event eventType="atClick" isChecked="True">
              <behaviour title="" isChecked="True" isWait="False" isLoop="False" execMode="emParallel">
                <target targetID="F1F29A53-7B39-47F8-AE38-64EEEB620C5C" isChecked="True" isAutoRecovery="False" isLoop="False" execMode="emSequence">
                  <command name="Popup State Change" isChecked="True" descrition="">
                    <param name="AniInterpolation" value="0" varType="3" description=""/>
                    <param name="AniDuration" value="200" varType="3" description=""/>
                    <param name="AniAutoReverse" value="False" varType="11" description=""/>
                    <param name="AniLoop" value="False" varType="11" description=""/>
                    <param name="AniInterpolationTypeOut" value="False" varType="11" description=""/>
                    <param name="Delay" value="0" varType="3" description=""/>
                    <param name="Value" value="2" varType="3" description=""/>
                    <param name="AniType" value="0" varType="3" description=""/>
                  </command>
                </target>
              </behaviour>
            </event>
          </events>
        </entry>
        <entry title="%E5%91%A8%E4%B8%83%2C170327046%2C+%E8%AE%A1%E7%AE%97%E6%9C%BA%E6%8A%80%E6%9C%AF">
          <area shape="0" alt="" ID="{892BE6EF-F868-47B7-AF13-0759DC92C513}" coords="(0,122,400,147)"/>
          <events title="">
            <event eventType="atClick" isChecked="True">
              <behaviour title="" isChecked="True" isWait="False" isLoop="False" execMode="emParallel">
                <target targetID="64FAF854-266A-4F3A-9D6D-5791FFB1926C" isChecked="True" isAutoRecovery="False" isLoop="False" execMode="emSequence">
                  <command name="Change Visibility" isChecked="True" descrition="">
                    <param name="AniInterpolation" value="1" varType="3" description=""/>
                    <param name="AniDuration" value="200" varType="3" description=""/>
                    <param name="AniAutoReverse" value="False" varType="11" description=""/>
                    <param name="AniLoop" value="False" varType="11" description=""/>
                    <param name="AniInterpolationTypeOut" value="False" varType="11" description=""/>
                    <param name="Delay" value="0" varType="3" description=""/>
                    <param name="ValueFromCurrent" value="True" varType="11" description=""/>
                    <param name="ForceFromInitValue" value="False" varType="11" description=""/>
                    <param name="ForceSetVisible" value="False" varType="11" description=""/>
                    <param name="Value" value="1" varType="3" description=""/>
                    <param name="TerminateLoopByClick" value="True" varType="11" description=""/>
                  </command>
                </target>
                <target targetID="F1F29A53-7B39-47F8-AE38-64EEEB620C5C" isChecked="True" isAutoRecovery="False" isLoop="False" execMode="emSequence">
                  <command name="Popup State Change" isChecked="True" descrition="">
                    <param name="AniInterpolation" value="0" varType="3" description=""/>
                    <param name="AniDuration" value="200" varType="3" description=""/>
                    <param name="AniAutoReverse" value="False" varType="11" description=""/>
                    <param name="AniLoop" value="False" varType="11" description=""/>
                    <param name="AniInterpolationTypeOut" value="False" varType="11" description=""/>
                    <param name="Delay" value="0" varType="3" description=""/>
                    <param name="Value" value="2" varType="3" description=""/>
                    <param name="AniType" value="0" varType="3" description=""/>
                  </command>
                </target>
              </behaviour>
            </event>
          </events>
        </entry>
      </interactiveData>
      <font family="%E5%BE%AE%E8%BD%AF%E9%9B%85%E9%BB%91" displayName="%E5%BE%AE%E8%BD%AF%E9%9B%85%E9%BB%91" postScript="" weightStyle="Regular" weight="400" isBold="False" isItalic="False"/>
      <text>%E5%A7%93%E5%90%8D+%5E%2C+%E5%AD%A6%E5%8F%B7+%5Ev%2C+%E4%B8%93%E4%B8%9A+%0D%0A%E5%BC%A0%E4%B8%89%2C170327001%2C+%E8%AE%A1%E7%AE%97%E6%9C%BA%E6%8A%80%E6%9C%AF%0D%0A%E6%9D%8E%E5%9B%9B%2C170327002%2C%E8%AE%A1%E7%AE%97%E6%9C%BA%E6%8A%80%E6%9C%AF%0D%0A%E7%8E%8B%E4%BA%94%2C170327055%2C+%E8%AE%A1%E7%AE%97%E6%9C%BA%E6%8A%80%E6%9C%AF%0D%0A%E8%B5%B5%E5%85%AD%2C170327014%2C+%E8%AE%A1%E7%AE%97%E6%9C%BA%E6%8A%80%E6%9C%AF%0D%0A%E5%91%A8%E4%B8%83%2C170327046%2C+%E8%AE%A1%E7%AE%97%E6%9C%BA%E6%8A%80%E6%9C%AF%0D%0A%7B4%2C4R%2C4R%7D</text>
      <textSize>14</textSize>
      <lineSpacing>0</lineSpacing>
      <columnRatio>{33.3,33.3,33.3}</columnRatio>
      <itemRect>[{"left":0,"top":0,"right":400,"bottom":22},{"left":0,"top":22,"right":400,"bottom":47},{"left":0,"top":47,"right":400,"bottom":72},{"left":0,"top":72,"right":400,"bottom":97},{"left":0,"top":97,"right":400,"bottom":122},{"left":0,"top":122,"right":400,"bottom":147}]</itemRect>
    </control>
    <control controlID="1CF4CEDA-F3A7-4299-BE5B-C06966F12840" controlTypeID="BreadCrumbs" x="10" y="10" w="108" h="22" zOrder="3">
      <links eventType="AtClick" animate="AmNone" animateAutoDelay="0" animateDuration="500">
        <link targetPageID="B77E5E02-A3AB-4707-AB5E-53908DFA9D1F" linkType="ltPageLink" isApplyIncludePage="False" title="%E9%A6%96%E9%A1%B5">
          <area shape="0" alt="" ID="{EF49B53D-600B-46A9-8D7D-798466C7139E}" coords="(0,0,32,22)"/>
        </link>
        <link targetPageID="" linkType="ltPageLink" isApplyIncludePage="False" title="%E5%AD%A6%E7%94%9F%E7%AE%A1%E7%90%86">
          <area shape="0" alt="" ID="{585FF8EF-CF69-4127-87AD-D9FF1B75A9D9}" coords="(44,0,108,22)"/>
        </link>
      </links>
      <font family="%E5%BE%AE%E8%BD%AF%E9%9B%85%E9%BB%91" displayName="%E5%BE%AE%E8%BD%AF%E9%9B%85%E9%BB%91" postScript="" weightStyle="Regular" weight="400" isBold="False" isItalic="False"/>
      <text>%E9%A6%96%E9%A1%B5%2C%E5%AD%A6%E7%94%9F%E7%AE%A1%E7%90%86</text>
      <textSize>16</textSize>
      <lineSpacing>0</lineSpacing>
      <useDefaultTextSize>False</useDefaultTextSize>
    </control>
    <control controlID="F1F29A53-7B39-47F8-AE38-64EEEB620C5C" controlTypeID="PopupPanel" x="304" y="433" w="46" h="46" zOrder="4">
      <groupChildrenDescriptors>
        <control controlID="C1865E25-A3D6-4386-86D4-D17A59F2D57B" controlTypeID="Panel" x="0" y="0" w="1100" h="6000" zOrder="0">
          <locked>True</locked>
          <color>1879048192</color>
          <borderVisible>False</borderVisible>
          <canMove>False</canMove>
          <alias>background</alias>
          <groupChildrenDescriptors>
            <control controlID="F0E2664E-C748-408D-ABA8-5C584A897A03" controlTypeID="Border" x="0" y="0" w="1100" h="6000" zOrder="0">
              <caption>%E8%BE%B9%E6%A1%86</caption>
              <borderVisible>False</borderVisible>
              <alias>borderLayer</alias>
            </control>
          </groupChildrenDescriptors>
          <thinkness>1</thinkness>
        </control>
        <control controlID="B9DC8286-66D2-419F-A92C-26CF5395CD38" controlTypeID="PopupPanelContent" x="408" y="269" w="300" h="400" zOrder="1">
          <color>16777215</color>
          <alias>content</alias>
          <groupChildrenDescriptors>
            <control controlID="D0C12014-3F2D-4835-BF51-BF86E90DF409" controlTypeID="Panel" x="0" y="0" w="300" h="400" zOrder="0">
              <groupChildrenDescriptors>
                <control controlID="8EABA660-D299-49DB-BEFF-84A5CF7C7001" controlTypeID="TextInput" x="97" y="92" w="138" h="24" zOrder="0">
                  <font family="%E5%BE%AE%E8%BD%AF%E9%9B%85%E9%BB%91" displayName="%E5%BE%AE%E8%BD%AF%E9%9B%85%E9%BB%91" postScript="" weightStyle="Regular" weight="400" isBold="False" isItalic="False"/>
                  <lineSpacing>0</lineSpacing>
                  <selectedIndex>-1</selectedIndex>
                </control>
                <control controlID="C7F58DE4-1B53-4349-A7C2-B9F74E919BC8" controlTypeID="Label" x="46" y="94" w="41" h="19" zOrder="1">
                  <font family="%E5%BE%AE%E8%BD%AF%E9%9B%85%E9%BB%91" displayName="%E5%BE%AE%E8%BD%AF%E9%9B%85%E9%BB%91" postScript="" weightStyle="Regular" weight="400" isBold="False" isItalic="False"/>
                  <text>%E5%AD%A6%E5%8F%B7%EF%BC%9A</text>
                  <lineSpacing>0</lineSpacing>
                  <selectedIndex>-1</selectedIndex>
                </control>
                <control controlID="4A3BDDD0-B4EB-44CB-B71E-95290E0E71B5" controlTypeID="Label" x="46" y="171" w="41" h="19" zOrder="2">
                  <font family="%E5%BE%AE%E8%BD%AF%E9%9B%85%E9%BB%91" displayName="%E5%BE%AE%E8%BD%AF%E9%9B%85%E9%BB%91" postScript="" weightStyle="Regular" weight="400" isBold="False" isItalic="False"/>
                  <text>%E4%B8%93%E4%B8%9A%EF%BC%9A</text>
                  <lineSpacing>0</lineSpacing>
                  <selectedIndex>-1</selectedIndex>
                </control>
                <control controlID="7A4A6497-1C4F-4A00-898E-4D34CD2F25C6" controlTypeID="TextInput" x="97" y="130" w="138" h="24" zOrder="3">
                  <font family="%E5%BE%AE%E8%BD%AF%E9%9B%85%E9%BB%91" displayName="%E5%BE%AE%E8%BD%AF%E9%9B%85%E9%BB%91" postScript="" weightStyle="Regular" weight="400" isBold="False" isItalic="False"/>
                  <lineSpacing>0</lineSpacing>
                  <selectedIndex>-1</selectedIndex>
                </control>
                <control controlID="2C96D962-4E29-4FDE-B024-2D562FDC9939" controlTypeID="Label" x="105" y="27" w="104" h="32" zOrder="4">
                  <font family="%E5%BE%AE%E8%BD%AF%E9%9B%85%E9%BB%91" displayName="%E5%BE%AE%E8%BD%AF%E9%9B%85%E9%BB%91" postScript="" weightStyle="Regular" weight="400" isBold="False" isItalic="False"/>
                  <text>%E4%BF%AE%E6%94%B9%E4%BF%A1%E6%81%AF</text>
                  <textSize>24</textSize>
                  <lineSpacing>0</lineSpacing>
                  <useDefaultTextSize>False</useDefaultTextSize>
                  <selectedIndex>-1</selectedIndex>
                </control>
                <control controlID="B1D80BCF-5A9F-4375-8DDD-260F35E41E11" controlTypeID="Button" x="69" y="252" w="70" h="28" zOrder="5">
                  <links eventType="AtClick" animate="AmNone" animateAutoDelay="0" animateDuration="500">
                    <link targetPageID="79FADD4D-17CC-4475-B6A0-E9435C3C28F1" linkType="ltPageLink" isApplyIncludePage="False" title="stu_showpage">
                      <area shape="0" alt="" ID="{0AD05D27-2871-4DE0-ACA7-295A23AD11C6}" coords="(0,0,70,28)"/>
                    </link>
                  </links>
                  <font family="%E5%BE%AE%E8%BD%AF%E9%9B%85%E9%BB%91" displayName="%E5%BE%AE%E8%BD%AF%E9%9B%85%E9%BB%91" postScript="" weightStyle="Regular" weight="400" isBold="False" isItalic="False"/>
                  <text>%E7%A1%AE%E5%AE%9A</text>
                  <lineSpacing>0</lineSpacing>
                  <selectedIndex>-1</selectedIndex>
                  <radius>4</radius>
                </control>
                <control controlID="E992D8EC-BC8A-4DE1-BC80-1EA99B91646C" controlTypeID="Button" x="182" y="252" w="70" h="28" zOrder="6">
                  <links eventType="AtClick" animate="AmNone" animateAutoDelay="0" animateDuration="500">
                    <link targetPageID="79FADD4D-17CC-4475-B6A0-E9435C3C28F1" linkType="ltPageLink" isApplyIncludePage="False" title="stu_showpage">
                      <area shape="0" alt="" ID="{DCDD9E4D-A963-458C-BB4B-9B1A9CFBA4CF}" coords="(0,0,70,28)"/>
                    </link>
                  </links>
                  <font family="%E5%BE%AE%E8%BD%AF%E9%9B%85%E9%BB%91" displayName="%E5%BE%AE%E8%BD%AF%E9%9B%85%E9%BB%91" postScript="" weightStyle="Regular" weight="400" isBold="False" isItalic="False"/>
                  <text>%E5%8F%96%E6%B6%88</text>
                  <lineSpacing>0</lineSpacing>
                  <selectedIndex>-1</selectedIndex>
                  <radius>4</radius>
                </control>
                <control controlID="F7E3E073-C75F-4FD1-8394-97368B585B14" controlTypeID="Label" x="46" y="135" w="41" h="19" zOrder="7">
                  <font family="%E5%BE%AE%E8%BD%AF%E9%9B%85%E9%BB%91" displayName="%E5%BE%AE%E8%BD%AF%E9%9B%85%E9%BB%91" postScript="" weightStyle="Regular" weight="400" isBold="False" isItalic="False"/>
                  <text>%E5%A7%93%E5%90%8D%EF%BC%9A</text>
                  <lineSpacing>0</lineSpacing>
                  <selectedIndex>-1</selectedIndex>
                </control>
                <control controlID="DD26715E-4630-4978-A39B-CEC5448D9D95" controlTypeID="TextInput" x="97" y="171" w="138" h="24" zOrder="8">
                  <font family="%E5%BE%AE%E8%BD%AF%E9%9B%85%E9%BB%91" displayName="%E5%BE%AE%E8%BD%AF%E9%9B%85%E9%BB%91" postScript="" weightStyle="Regular" weight="400" isBold="False" isItalic="False"/>
                  <lineSpacing>0</lineSpacing>
                  <selectedIndex>-1</selectedIndex>
                </control>
                <control controlID="5742E982-4020-4C1F-98FF-75A0508E0E17" controlTypeID="Border" x="0" y="0" w="300" h="400" zOrder="9">
                  <caption>%E8%BE%B9%E6%A1%86</caption>
                  <alias>borderLayer</alias>
                </control>
              </groupChildrenDescriptors>
              <thinkness>1</thinkness>
            </control>
          </groupChildrenDescriptors>
        </control>
      </groupChildrenDescriptors>
    </control>
  </controls>
  <param>
    <backgroundColor>4294967295</backgroundColor>
    <fontSize>0</fontSize>
    <fontFamily/>
    <guideLines/>
  </param>
</mockup>