﻿<mockup version="5.1" minAllowVersion="5.1" ID="A593E3B0-60C4-489A-B0AF-CFB6AF83E01C" platform="MtWeb" defaultW="1100" defaultH="6000" measureW="1100" measureH="6000" mobileScreenScale="0">
  <controls controlCount="16">
    <control controlID="09C04702-8FBB-4B33-B96C-27FF0826F82E" controlTypeID="BrowserWindow" x="0" y="0" w="1100" h="1143" zOrder="0">
      <font family="%E5%BE%AE%E8%BD%AF%E9%9B%85%E9%BB%91" displayName="%E5%BE%AE%E8%BD%AF%E9%9B%85%E9%BB%91" postScript="" weightStyle="Regular" weight="400" isBold="False" isItalic="False"/>
      <text>%E8%80%83%E5%8B%A4%E7%AE%A1%E7%90%86%E7%B3%BB%E7%BB%9F%0D%0Ahttps%3A%2F%2Fwww.kaoqins.cn</text>
      <textSize>14</textSize>
      <textVAlign>VaTop</textVAlign>
      <lineSpacing>0</lineSpacing>
      <selectedIndex>-1</selectedIndex>
    </control>
    <control controlID="1A5F1DD1-AD27-41A7-8E5C-2A5CC3F2BE50" controlTypeID="Tab" x="0" y="72" w="1080" h="831" zOrder="1">
      <font family="%E5%BE%AE%E8%BD%AF%E9%9B%85%E9%BB%91" displayName="%E5%BE%AE%E8%BD%AF%E9%9B%85%E9%BB%91" postScript="" weightStyle="Regular" weight="400" isBold="False" isItalic="False"/>
      <text>%E9%A6%96%E9%A1%B5%EF%BC%8C%E5%AD%A6%E7%94%9F%E7%AE%A1%E7%90%86%EF%BC%8C%E6%95%99%E5%B8%88%E7%AE%A1%E7%90%86</text>
      <textSize>14</textSize>
      <lineSpacing>0</lineSpacing>
      <tabColor>4291611852</tabColor>
    </control>
    <control controlID="126E5B59-5247-4A72-A775-DA97E1A554EC" controlTypeID="DataGrid" x="215" y="161" w="400" h="200" zOrder="2">
      <interactiveData>
        <entry title="%E5%A7%93%E5%90%8D+%5E%2C+%E5%B7%A5%E5%8F%B7+%5Ev%2C+%E4%B8%93%E4%B8%9A+">
          <area shape="0" alt="" ID="{9BE32C15-18FF-4763-8732-FBEA07B9FC18}" coords="(0,0.00999999977648258,400,22.0100002288818)"/>
          <events title=""/>
        </entry>
        <entry title="%E6%9D%A81%2C0012452115%2C+%E8%AE%A1%E7%AE%97%E6%9C%BA%E6%8A%80%E6%9C%AF">
          <area shape="0" alt="" ID="{57F07433-1C2B-4B5B-8352-1C7A3AC45143}" coords="(0,22,400,47)"/>
          <events title="">
            <event eventType="atClick" isChecked="True">
              <behaviour title="" isChecked="True" isWait="False" isLoop="False" execMode="emParallel">
                <target targetID="F2826074-F504-41C9-AE8E-639353195809" isChecked="True" isAutoRecovery="False" isLoop="False" execMode="emSequence">
                  <command name="Popup State Change" isChecked="True" descrition="">
                    <param name="AniInterpolation" value="0" varType="3" description=""/>
                    <param name="AniDuration" value="200" varType="3" description=""/>
                    <param name="AniAutoReverse" value="False" varType="11" description=""/>
                    <param name="AniLoop" value="False" varType="11" description=""/>
                    <param name="AniInterpolationTypeOut" value="False" varType="11" description=""/>
                    <param name="Delay" value="0" varType="3" description=""/>
                    <param name="Value" value="2" varType="3" description=""/>
                    <param name="AniType" value="0" varType="3" description=""/>
                  </command>
                </target>
              </behaviour>
            </event>
          </events>
        </entry>
        <entry title="%E5%86%AF2%2C44578558454%2C%E8%AE%A1%E7%AE%97%E6%9C%BA%E6%8A%80%E6%9C%AF">
          <area shape="0" alt="" ID="{A03FFC07-1370-423B-8EEE-059595DC4865}" coords="(0,47,400,72)"/>
          <events title="">
            <event eventType="atClick" isChecked="True">
              <behaviour title="" isChecked="True" isWait="False" isLoop="False" execMode="emParallel">
                <target targetID="F2826074-F504-41C9-AE8E-639353195809" isChecked="True" isAutoRecovery="False" isLoop="False" execMode="emSequence">
                  <command name="Popup State Change" isChecked="True" descrition="">
                    <param name="AniInterpolation" value="0" varType="3" description=""/>
                    <param name="AniDuration" value="200" varType="3" description=""/>
                    <param name="AniAutoReverse" value="False" varType="11" description=""/>
                    <param name="AniLoop" value="False" varType="11" description=""/>
                    <param name="AniInterpolationTypeOut" value="False" varType="11" description=""/>
                    <param name="Delay" value="0" varType="3" description=""/>
                    <param name="Value" value="2" varType="3" description=""/>
                    <param name="AniType" value="0" varType="3" description=""/>
                  </command>
                </target>
              </behaviour>
            </event>
          </events>
        </entry>
        <entry title="%E7%A7%A63%2C1122522256%2C+%E8%AE%A1%E7%AE%97%E6%9C%BA%E6%8A%80%E6%9C%AF">
          <area shape="0" alt="" ID="{85E0249B-9C68-4B33-8765-9ACAE583353C}" coords="(0,72,400,97)"/>
          <events title="">
            <event eventType="atClick" isChecked="True">
              <behaviour title="" isChecked="True" isWait="False" isLoop="False" execMode="emParallel">
                <target targetID="F2826074-F504-41C9-AE8E-639353195809" isChecked="True" isAutoRecovery="False" isLoop="False" execMode="emSequence">
                  <command name="Popup State Change" isChecked="True" descrition="">
                    <param name="AniInterpolation" value="0" varType="3" description=""/>
                    <param name="AniDuration" value="200" varType="3" description=""/>
                    <param name="AniAutoReverse" value="False" varType="11" description=""/>
                    <param name="AniLoop" value="False" varType="11" description=""/>
                    <param name="AniInterpolationTypeOut" value="False" varType="11" description=""/>
                    <param name="Delay" value="0" varType="3" description=""/>
                    <param name="Value" value="2" varType="3" description=""/>
                    <param name="AniType" value="0" varType="3" description=""/>
                  </command>
                </target>
              </behaviour>
            </event>
          </events>
        </entry>
      </interactiveData>
      <font family="%E5%BE%AE%E8%BD%AF%E9%9B%85%E9%BB%91" displayName="%E5%BE%AE%E8%BD%AF%E9%9B%85%E9%BB%91" postScript="" weightStyle="Regular" weight="400" isBold="False" isItalic="False"/>
      <text>%E5%A7%93%E5%90%8D+%5E%2C+%E5%B7%A5%E5%8F%B7+%5Ev%2C+%E4%B8%93%E4%B8%9A+%0D%0A%E6%9D%A81%2C0012452115%2C+%E8%AE%A1%E7%AE%97%E6%9C%BA%E6%8A%80%E6%9C%AF%0D%0A%E5%86%AF2%2C44578558454%2C%E8%AE%A1%E7%AE%97%E6%9C%BA%E6%8A%80%E6%9C%AF%0D%0A%E7%A7%A63%2C1122522256%2C+%E8%AE%A1%E7%AE%97%E6%9C%BA%E6%8A%80%E6%9C%AF%0D%0A%7B4%2C4R%2C4R%7D</text>
      <textSize>14</textSize>
      <lineSpacing>0</lineSpacing>
      <columnRatio>{33.3,33.3,33.3}</columnRatio>
      <itemRect>[{"left":0,"top":0,"right":400,"bottom":22},{"left":0,"top":22,"right":400,"bottom":47},{"left":0,"top":47,"right":400,"bottom":72},{"left":0,"top":72,"right":400,"bottom":97}]</itemRect>
    </control>
    <control controlID="2A72FEE2-AC16-4B0B-9457-B664F5D4522B" controlTypeID="BreadCrumbs" x="0" y="10" w="108" h="22" zOrder="3">
      <links eventType="AtClick" animate="AmNone" animateAutoDelay="0" animateDuration="500">
        <link targetPageID="B77E5E02-A3AB-4707-AB5E-53908DFA9D1F" linkType="ltPageLink" isApplyIncludePage="False" title="%E9%A6%96%E9%A1%B5">
          <area shape="0" alt="" ID="{EF49B53D-600B-46A9-8D7D-798466C7139E}" coords="(0,0,32,22)"/>
        </link>
        <link targetPageID="" linkType="ltPageLink" isApplyIncludePage="False" title="%E6%95%99%E5%B8%88%E7%AE%A1%E7%90%86">
          <area shape="0" alt="" ID="{585FF8EF-CF69-4127-87AD-D9FF1B75A9D9}" coords="(44,0,108,22)"/>
        </link>
      </links>
      <font family="%E5%BE%AE%E8%BD%AF%E9%9B%85%E9%BB%91" displayName="%E5%BE%AE%E8%BD%AF%E9%9B%85%E9%BB%91" postScript="" weightStyle="Regular" weight="400" isBold="False" isItalic="False"/>
      <text>%E9%A6%96%E9%A1%B5%2C%E6%95%99%E5%B8%88%E7%AE%A1%E7%90%86</text>
      <textSize>16</textSize>
      <lineSpacing>0</lineSpacing>
      <useDefaultTextSize>False</useDefaultTextSize>
    </control>
    <control controlID="F2826074-F504-41C9-AE8E-639353195809" controlTypeID="PopupPanel" x="405" y="434" w="46" h="46" zOrder="4">
      <groupChildrenDescriptors>
        <control controlID="22E145D0-F633-4EB7-BE3C-395980175C01" controlTypeID="Panel" x="0" y="0" w="1100" h="6000" zOrder="0">
          <locked>True</locked>
          <color>1879048192</color>
          <borderVisible>False</borderVisible>
          <canMove>False</canMove>
          <alias>background</alias>
          <groupChildrenDescriptors>
            <control controlID="FC552020-C70F-4170-B108-9010552A9DBB" controlTypeID="Border" x="0" y="0" w="1100" h="6000" zOrder="0">
              <caption>%E8%BE%B9%E6%A1%86</caption>
              <borderVisible>False</borderVisible>
              <alias>borderLayer</alias>
            </control>
          </groupChildrenDescriptors>
          <thinkness>1</thinkness>
        </control>
        <control controlID="A2BD4208-CA13-4F5E-A6ED-7F76A08AE1B7" controlTypeID="PopupPanelContent" x="347" y="373" w="370" h="410" zOrder="1">
          <color>16777215</color>
          <alias>content</alias>
          <groupChildrenDescriptors>
            <control controlID="A160137F-127F-4172-972F-FC13F30A7D5D" controlTypeID="Panel" x="0" y="0" w="370" h="410" zOrder="0">
              <groupChildrenDescriptors>
                <control controlID="FB7DACD2-5679-4118-A8F5-E157953C873D" controlTypeID="Label" x="114" y="20" w="122" h="37" zOrder="0">
                  <font family="%E5%BE%AE%E8%BD%AF%E9%9B%85%E9%BB%91" displayName="%E5%BE%AE%E8%BD%AF%E9%9B%85%E9%BB%91" postScript="" weightStyle="Regular" weight="400" isBold="False" isItalic="False"/>
                  <text>%E4%BF%AE%E6%94%B9%E4%BF%A1%E6%81%AF</text>
                  <textSize>28</textSize>
                  <lineSpacing>0</lineSpacing>
                  <useDefaultTextSize>False</useDefaultTextSize>
                  <selectedIndex>-1</selectedIndex>
                </control>
                <control controlID="58411BC2-A546-43D3-BE83-9C10078610AC" controlTypeID="LabelTextInput" x="45" y="71" w="280" h="24" zOrder="1">
                  <font family="%E5%BE%AE%E8%BD%AF%E9%9B%85%E9%BB%91" displayName="%E5%BE%AE%E8%BD%AF%E9%9B%85%E9%BB%91" postScript="" weightStyle="Regular" weight="400" isBold="False" isItalic="False"/>
                  <text>%E5%A7%93%E5%90%8D%3A%2C</text>
                  <textSize>14</textSize>
                  <lineSpacing>0</lineSpacing>
                  <selectedIndex>-1</selectedIndex>
                </control>
                <control controlID="F682AC75-447D-49A0-8E48-3E824180FD18" controlTypeID="LabelTextInput" x="45" y="122" w="280" h="24" zOrder="2">
                  <font family="%E5%BE%AE%E8%BD%AF%E9%9B%85%E9%BB%91" displayName="%E5%BE%AE%E8%BD%AF%E9%9B%85%E9%BB%91" postScript="" weightStyle="Regular" weight="400" isBold="False" isItalic="False"/>
                  <text>%E5%B7%A5%E5%8F%B7%3A%2C</text>
                  <textSize>14</textSize>
                  <lineSpacing>0</lineSpacing>
                  <selectedIndex>-1</selectedIndex>
                </control>
                <control controlID="1B694816-8FAE-4320-919D-C7395596E2D8" controlTypeID="LabelTextInput" x="45" y="183" w="283" h="24" zOrder="3">
                  <font family="%E5%BE%AE%E8%BD%AF%E9%9B%85%E9%BB%91" displayName="%E5%BE%AE%E8%BD%AF%E9%9B%85%E9%BB%91" postScript="" weightStyle="Regular" weight="400" isBold="False" isItalic="False"/>
                  <text>%E5%AD%A6%E9%99%A2%EF%BC%9A</text>
                  <textSize>14</textSize>
                  <lineSpacing>0</lineSpacing>
                  <selectedIndex>-1</selectedIndex>
                </control>
                <control controlID="22292CFC-A35E-463C-8CA0-8729993B2A50" controlTypeID="Button" x="72" y="272" w="70" h="28" zOrder="4">
                  <links eventType="AtClick" animate="AmNone" animateAutoDelay="0" animateDuration="500">
                    <link targetPageID="A593E3B0-60C4-489A-B0AF-CFB6AF83E01C" linkType="ltPageLink" isApplyIncludePage="False" title="teacher_showpage">
                      <area shape="0" alt="" ID="{18B83A8E-BB9F-44E3-B0D1-9B9D8559F659}" coords="(0,0,70,28)"/>
                    </link>
                  </links>
                  <font family="%E5%BE%AE%E8%BD%AF%E9%9B%85%E9%BB%91" displayName="%E5%BE%AE%E8%BD%AF%E9%9B%85%E9%BB%91" postScript="" weightStyle="Regular" weight="400" isBold="False" isItalic="False"/>
                  <text>%E7%A1%AE%E5%AE%9A</text>
                  <lineSpacing>0</lineSpacing>
                  <selectedIndex>-1</selectedIndex>
                  <radius>4</radius>
                </control>
                <control controlID="E51C92D0-7CED-4703-9AEF-258428F622FD" controlTypeID="Button" x="236" y="272" w="70" h="28" zOrder="5">
                  <links eventType="AtClick" animate="AmNone" animateAutoDelay="0" animateDuration="500">
                    <link targetPageID="A593E3B0-60C4-489A-B0AF-CFB6AF83E01C" linkType="ltPageLink" isApplyIncludePage="False" title="teacher_showpage">
                      <area shape="0" alt="" ID="{7EA1BB92-520F-4BBD-B171-81B3B840EB7C}" coords="(0,0,70,28)"/>
                    </link>
                  </links>
                  <font family="%E5%BE%AE%E8%BD%AF%E9%9B%85%E9%BB%91" displayName="%E5%BE%AE%E8%BD%AF%E9%9B%85%E9%BB%91" postScript="" weightStyle="Regular" weight="400" isBold="False" isItalic="False"/>
                  <text>%E8%BF%94%E5%9B%9E</text>
                  <lineSpacing>0</lineSpacing>
                  <selectedIndex>-1</selectedIndex>
                  <radius>4</radius>
                </control>
                <control controlID="AC855214-BD21-4974-AC96-3B62B6E8C997" controlTypeID="Border" x="0" y="0" w="370" h="410" zOrder="6">
                  <caption>%E8%BE%B9%E6%A1%86</caption>
                  <alias>borderLayer</alias>
                </control>
              </groupChildrenDescriptors>
              <thinkness>1</thinkness>
            </control>
          </groupChildrenDescriptors>
        </control>
      </groupChildrenDescriptors>
    </control>
  </controls>
  <param>
    <backgroundColor>4294967295</backgroundColor>
    <fontSize>0</fontSize>
    <fontFamily/>
    <guideLines/>
  </param>
</mockup>