﻿<mockup version="5.1" minAllowVersion="5.1" ID="B77E5E02-A3AB-4707-AB5E-53908DFA9D1F" platform="MtWeb" defaultW="1100" defaultH="6000" measureW="1100" measureH="6000" mobileScreenScale="0">
  <controls controlCount="10">
    <control controlID="86AD7C74-B474-4CB2-86DB-B30F2B0A787E" controlTypeID="BrowserWindow" x="0" y="0" w="1100" h="922" zOrder="0">
      <font family="%E5%BE%AE%E8%BD%AF%E9%9B%85%E9%BB%91" displayName="%E5%BE%AE%E8%BD%AF%E9%9B%85%E9%BB%91" postScript="" weightStyle="Regular" weight="400" isBold="False" isItalic="False"/>
      <text>%E8%80%83%E5%8B%A4%E7%AE%A1%E7%90%86%E7%B3%BB%E7%BB%9F%0D%0Ahttps%3A%2F%2Fwww.kaoqins.cn</text>
      <textSize>14</textSize>
      <textVAlign>VaTop</textVAlign>
      <lineSpacing>0</lineSpacing>
      <selectedIndex>-1</selectedIndex>
    </control>
    <control controlID="64FAF854-266A-4F3A-9D6D-5791FFB1926C" controlTypeID="Tab" x="0" y="73" w="1100" h="836" zOrder="1">
      <font family="%E5%BE%AE%E8%BD%AF%E9%9B%85%E9%BB%91" displayName="%E5%BE%AE%E8%BD%AF%E9%9B%85%E9%BB%91" postScript="" weightStyle="Regular" weight="400" isBold="False" isItalic="False"/>
      <text>%E9%A6%96%E9%A1%B5%EF%BC%8C%E5%AD%A6%E7%94%9F%E7%AE%A1%E7%90%86%EF%BC%8C%E6%95%99%E5%B8%88%E7%AE%A1%E7%90%86</text>
      <textSize>14</textSize>
      <lineSpacing>0</lineSpacing>
    </control>
    <control controlID="B108B093-A13C-488D-9C42-89D80E11C662" controlTypeID="LabelTextInput" x="132" y="102" w="232" h="24" zOrder="2">
      <font family="%E5%BE%AE%E8%BD%AF%E9%9B%85%E9%BB%91" displayName="%E5%BE%AE%E8%BD%AF%E9%9B%85%E9%BB%91" postScript="" weightStyle="Regular" weight="400" isBold="False" isItalic="False"/>
      <text>%E8%BE%93%E5%85%A5%E5%AD%A6%E5%8F%B7%2F%E5%A7%93%E5%90%8D%2F%E4%B8%93%E4%B8%9A%EF%BC%9A%2C</text>
      <textSize>14</textSize>
      <lineSpacing>0</lineSpacing>
      <selectedIndex>-1</selectedIndex>
    </control>
    <control controlID="6B61B843-6E02-4CF5-A6DF-39F2901B0C1E" controlTypeID="TextInput" x="374" y="102" w="80" h="24" zOrder="3">
      <font family="%E5%BE%AE%E8%BD%AF%E9%9B%85%E9%BB%91" displayName="%E5%BE%AE%E8%BD%AF%E9%9B%85%E9%BB%91" postScript="" weightStyle="Regular" weight="400" isBold="False" isItalic="False"/>
      <lineSpacing>0</lineSpacing>
      <selectedIndex>-1</selectedIndex>
    </control>
    <control controlID="1D4CD985-1511-4190-A132-7C3FA918D849" controlTypeID="TextInput" x="464" y="102" w="82" h="24" zOrder="4">
      <font family="%E5%BE%AE%E8%BD%AF%E9%9B%85%E9%BB%91" displayName="%E5%BE%AE%E8%BD%AF%E9%9B%85%E9%BB%91" postScript="" weightStyle="Regular" weight="400" isBold="False" isItalic="False"/>
      <lineSpacing>0</lineSpacing>
      <selectedIndex>-1</selectedIndex>
    </control>
    <control controlID="F00C812F-03E4-4183-9FF2-DE11C8787846" controlTypeID="Button" x="556" y="98" w="70" h="28" zOrder="5">
      <links eventType="AtClick" animate="AmNone" animateAutoDelay="0" animateDuration="500">
        <link targetPageID="79FADD4D-17CC-4475-B6A0-E9435C3C28F1" linkType="ltPageLink" isApplyIncludePage="False" title="stu_showpage">
          <area shape="0" alt="" ID="{4F4B550A-1886-456D-9AA3-44F86F8894F3}" coords="(0,0,70,28)"/>
        </link>
      </links>
      <font family="%E5%BE%AE%E8%BD%AF%E9%9B%85%E9%BB%91" displayName="%E5%BE%AE%E8%BD%AF%E9%9B%85%E9%BB%91" postScript="" weightStyle="Regular" weight="400" isBold="False" isItalic="False"/>
      <text>%E6%90%9C%E7%B4%A2</text>
      <lineSpacing>0</lineSpacing>
      <selectedIndex>-1</selectedIndex>
      <radius>4</radius>
    </control>
    <control controlID="F83ED2A8-7643-49F5-9C6C-F03F96536262" controlTypeID="CompositeComboBox" x="20" y="102" w="64" h="24" zOrder="6">
      <groupChildrenDescriptors>
        <control controlID="0AC426E4-4307-4EAF-BA5A-F56E17B6B88A" controlTypeID="TextInput" x="0" y="0" w="41" h="24" zOrder="0">
          <locked>True</locked>
          <canMove>False</canMove>
          <alias>input</alias>
          <font family="%E5%BE%AE%E8%BD%AF%E9%9B%85%E9%BB%91" displayName="%E5%BE%AE%E8%BD%AF%E9%9B%85%E9%BB%91" postScript="" weightStyle="Regular" weight="400" isBold="False" isItalic="False"/>
          <text>%E5%AD%A6%E7%94%9F%EF%BC%9A</text>
          <lineSpacing>0</lineSpacing>
          <selectedIndex>-1</selectedIndex>
        </control>
        <control controlID="FB85E9EB-5907-4A94-AD6F-6CC4D2289B86" controlTypeID="Button" x="40" y="0" w="24" h="24" zOrder="1">
          <locked>True</locked>
          <canMove>False</canMove>
          <alias>button</alias>
          <font family="%E5%BE%AE%E8%BD%AF%E9%9B%85%E9%BB%91" displayName="%E5%BE%AE%E8%BD%AF%E9%9B%85%E9%BB%91" postScript="" weightStyle="Regular" weight="400" isBold="False" isItalic="False"/>
          <lineSpacing>0</lineSpacing>
          <selectedIndex>-1</selectedIndex>
          <radius>0</radius>
        </control>
        <control controlID="BA5835CC-1AEC-4F80-B6B2-793021FADA72" controlTypeID="List" x="0" y="24" w="64" h="50" zOrder="2">
          <isShow>False</isShow>
          <canMove>False</canMove>
          <alias>dropDown</alias>
          <links eventType="AtClick" animate="AmNone" animateAutoDelay="0" animateDuration="500">
            <link targetPageID="79FADD4D-17CC-4475-B6A0-E9435C3C28F1" linkType="ltPageLink" isApplyIncludePage="False" title="%E5%AD%A6%E7%94%9F%EF%BC%9A">
              <area shape="0" alt="" ID="{5FF8B363-F65D-4D33-BE92-AE987979F82F}" coords="(1,1,63,25)"/>
            </link>
            <link targetPageID="A593E3B0-60C4-489A-B0AF-CFB6AF83E01C" linkType="ltPageLink" isApplyIncludePage="False" title="%E6%95%99%E5%B8%88%EF%BC%9A">
              <area shape="0" alt="" ID="{61F11567-4756-4C32-81B5-DBFBADCE2A57}" coords="(1,25,63,49)"/>
            </link>
          </links>
          <font family="%E5%BE%AE%E8%BD%AF%E9%9B%85%E9%BB%91" displayName="%E5%BE%AE%E8%BD%AF%E9%9B%85%E9%BB%91" postScript="" weightStyle="Regular" weight="400" isBold="False" isItalic="False"/>
          <text>%E5%AD%A6%E7%94%9F%EF%BC%9A%0D%0A%E6%95%99%E5%B8%88%EF%BC%9A</text>
          <textSize>14</textSize>
          <lineSpacing>0</lineSpacing>
          <itemHeight>24</itemHeight>
          <interlaceColor>4294967295</interlaceColor>
        </control>
      </groupChildrenDescriptors>
      <baseHeight>24</baseHeight>
      <font family="%E5%BE%AE%E8%BD%AF%E9%9B%85%E9%BB%91"/>
      <textSize>14</textSize>
    </control>
  </controls>
  <param>
    <backgroundColor>4294967295</backgroundColor>
    <fontSize>0</fontSize>
    <fontFamily/>
    <guideLines/>
  </param>
</mockup>