﻿<mockup version="5.1" minAllowVersion="5.1" ID="C10E5C20-7BAA-49CA-8CFE-8EB044FD610D" platform="MtWeb" defaultW="1100" defaultH="6000" measureW="1100" measureH="6000" mobileScreenScale="0">
  <controls controlCount="15">
    <control controlID="DED425B8-585E-4035-A3C4-5F261AF09D78" controlTypeID="ButtonBar" x="120" y="199" w="335" h="28" zOrder="0">
      <interactiveData>
        <entry title="%E7%99%BB%E5%BD%95">
          <area shape="0" alt="" ID="{7277C2D8-D622-4778-9DC8-3D11AFCA68D4}" coords="(0.5,0.5,334.5,27.5)"/>
          <events title="">
            <event eventType="atClick" isChecked="True">
              <behaviour title="" isChecked="True" isWait="False" isLoop="False" execMode="emParallel">
                <target targetID="9F4B1343-2603-4D6E-B96C-2D916ACB0E67" isChecked="True" isAutoRecovery="False" isLoop="False" execMode="emSequence">
                  <command name="Popup State Change" isChecked="True" descrition="">
                    <param name="AniInterpolation" value="0" varType="3" description=""/>
                    <param name="AniDuration" value="200" varType="3" description=""/>
                    <param name="AniAutoReverse" value="False" varType="11" description=""/>
                    <param name="AniLoop" value="False" varType="11" description=""/>
                    <param name="AniInterpolationTypeOut" value="False" varType="11" description=""/>
                    <param name="Delay" value="0" varType="3" description=""/>
                    <param name="Value" value="2" varType="3" description=""/>
                    <param name="AniType" value="0" varType="3" description=""/>
                  </command>
                </target>
              </behaviour>
            </event>
          </events>
        </entry>
      </interactiveData>
      <font family="%E5%BE%AE%E8%BD%AF%E9%9B%85%E9%BB%91" displayName="%E5%BE%AE%E8%BD%AF%E9%9B%85%E9%BB%91" postScript="" weightStyle="Regular" weight="400" isBold="False" isItalic="False"/>
      <text>%E7%99%BB%E5%BD%95</text>
      <textSize>14</textSize>
      <lineSpacing>0</lineSpacing>
    </control>
    <control controlID="5C21F589-72A0-4125-9CC1-E9A5B281F9E5" controlTypeID="LabelTextInput" x="74" y="149" w="381" h="27" zOrder="1">
      <font family="%E5%BE%AE%E8%BD%AF%E9%9B%85%E9%BB%91" displayName="%E5%BE%AE%E8%BD%AF%E9%9B%85%E9%BB%91" postScript="" weightStyle="Regular" weight="400" isBold="False" isItalic="False"/>
      <text>%E5%AF%86%E7%A0%81%EF%BC%9A</text>
      <textSize>14</textSize>
      <lineSpacing>0</lineSpacing>
      <selectedIndex>-1</selectedIndex>
    </control>
    <control controlID="E8654E08-E519-492F-B44F-624490308C4C" controlTypeID="LabelTextInput" x="74" y="102" w="381" h="27" zOrder="2">
      <font family="%E5%BE%AE%E8%BD%AF%E9%9B%85%E9%BB%91" displayName="%E5%BE%AE%E8%BD%AF%E9%9B%85%E9%BB%91" postScript="" weightStyle="Regular" weight="400" isBold="False" isItalic="False"/>
      <text>%E8%B4%A6%E5%8F%B7%EF%BC%9A</text>
      <textSize>14</textSize>
      <lineSpacing>0</lineSpacing>
      <selectedIndex>-1</selectedIndex>
    </control>
    <control controlID="370206A8-8FB2-4F7E-ACED-186C28E5878E" controlTypeID="Label" x="209" y="29" w="66" h="37" zOrder="3">
      <font family="%E5%BE%AE%E8%BD%AF%E9%9B%85%E9%BB%91" displayName="%E5%BE%AE%E8%BD%AF%E9%9B%85%E9%BB%91" postScript="" weightStyle="Regular" weight="400" isBold="False" isItalic="False"/>
      <text>%E7%99%BB%E5%BD%95</text>
      <textSize>28</textSize>
      <lineSpacing>0</lineSpacing>
      <useDefaultTextSize>False</useDefaultTextSize>
      <selectedIndex>-1</selectedIndex>
    </control>
    <control controlID="1920E854-F671-404B-9B9C-7AF406ED8749" controlTypeID="BreadCrumbs" x="68" y="11" w="28" h="19" zOrder="4">
      <links eventType="AtClick" animate="AmNone" animateAutoDelay="0" animateDuration="500">
        <link targetPageID="B77E5E02-A3AB-4707-AB5E-53908DFA9D1F" linkType="ltPageLink" isApplyIncludePage="False" title="%E7%99%BB%E5%BD%95">
          <area shape="0" alt="" ID="{EF49B53D-600B-46A9-8D7D-798466C7139E}" coords="(0,0,28,19)"/>
        </link>
      </links>
      <font family="%E5%BE%AE%E8%BD%AF%E9%9B%85%E9%BB%91" displayName="%E5%BE%AE%E8%BD%AF%E9%9B%85%E9%BB%91" postScript="" weightStyle="Regular" weight="400" isBold="False" isItalic="False"/>
      <text>%E7%99%BB%E5%BD%95</text>
      <textSize>14</textSize>
      <lineSpacing>0</lineSpacing>
    </control>
    <control controlID="F9D1CAED-C0F9-4F72-9725-12231996E0E3" controlTypeID="Label" x="380" y="251" w="75" h="19" zOrder="5">
      <links eventType="AtClick" animate="AmNone" animateAutoDelay="0" animateDuration="500">
        <link targetPageID="687B4F8B-245B-46BC-9B26-231344320E2A" linkType="ltPageLink" isApplyIncludePage="False" title="register">
          <area shape="0" alt="" ID="{C5818D11-421E-4C40-8861-A88011095A7E}" coords="(0,0,75,19)"/>
        </link>
      </links>
      <font family="%E5%BE%AE%E8%BD%AF%E9%9B%85%E9%BB%91" displayName="%E5%BE%AE%E8%BD%AF%E9%9B%85%E9%BB%91" postScript="" weightStyle="Regular" weight="400" isBold="False" isItalic="False"/>
      <text>%E6%96%B0%E7%94%A8%E6%88%B7%E6%B3%A8%E5%86%8C</text>
      <textColor>4278229452</textColor>
      <lineSpacing>0</lineSpacing>
      <selectedIndex>-1</selectedIndex>
    </control>
    <control controlID="165F4CB0-817A-45B6-92C4-F3C2A66D8C02" controlTypeID="Label" x="120" y="251" w="72" h="19" zOrder="6">
      <links eventType="AtClick" animate="AmNone" animateAutoDelay="0" animateDuration="500">
        <link targetPageID="44A7FF4C-09E4-4EAA-896D-8860CAC6F281" linkType="ltPageLink" isApplyIncludePage="False" title="login1">
          <area shape="0" alt="" ID="{04553F1C-4A75-4DCA-934E-EBB531FDE0E8}" coords="(0,0,72,19)"/>
        </link>
      </links>
      <font family="%E5%BE%AE%E8%BD%AF%E9%9B%85%E9%BB%91" displayName="%E5%BE%AE%E8%BD%AF%E9%9B%85%E9%BB%91" postScript="" weightStyle="Regular" weight="400" isBold="False" isItalic="False"/>
      <text>%E5%BF%98%E8%AE%B0%E5%AF%86%E7%A0%81%EF%BC%9F</text>
      <textColor>4278229452</textColor>
      <lineSpacing>0</lineSpacing>
      <selectedIndex>-1</selectedIndex>
    </control>
    <control controlID="9F4B1343-2603-4D6E-B96C-2D916ACB0E67" controlTypeID="PopupPanel" x="235" y="333" w="46" h="46" zOrder="7">
      <groupChildrenDescriptors>
        <control controlID="F01A1855-6B9F-40B2-A536-6B382C0A6904" controlTypeID="Panel" x="0" y="0" w="1100" h="6000" zOrder="0">
          <locked>True</locked>
          <color>1879048192</color>
          <borderVisible>False</borderVisible>
          <canMove>False</canMove>
          <alias>background</alias>
          <groupChildrenDescriptors>
            <control controlID="DB0E3764-5B0E-4227-8409-48831436DEF6" controlTypeID="Border" x="0" y="0" w="1100" h="6000" zOrder="0">
              <caption>%E8%BE%B9%E6%A1%86</caption>
              <borderVisible>False</borderVisible>
              <alias>borderLayer</alias>
            </control>
          </groupChildrenDescriptors>
          <thinkness>1</thinkness>
        </control>
        <control controlID="C1F9576A-5D89-484C-91A3-36BB87049996" controlTypeID="PopupPanelContent" x="367" y="339" w="300" h="400" zOrder="1">
          <color>16777215</color>
          <alias>content</alias>
          <groupChildrenDescriptors>
            <control controlID="6A22FB63-1671-4B4B-93BB-D4FC1C064CF9" controlTypeID="Panel" x="0" y="0" w="300" h="400" zOrder="0">
              <groupChildrenDescriptors>
                <control controlID="B9F3801A-57B7-41D6-98C3-0FDCF9844410" controlTypeID="TextArea" x="102" y="178" w="83" h="50" zOrder="0">
                  <font family="%E5%BE%AE%E8%BD%AF%E9%9B%85%E9%BB%91" displayName="%E5%BE%AE%E8%BD%AF%E9%9B%85%E9%BB%91" postScript="" weightStyle="Regular" weight="400" isBold="False" isItalic="False"/>
                  <text>++%E7%99%BB%E9%99%86%E6%88%90%E5%8A%9F%EF%BC%81</text>
                  <selectedIndex>-1</selectedIndex>
                </control>
                <control controlID="87B23DD1-984E-4305-AFD6-915C95913ABD" controlTypeID="ButtonBar" x="102" y="218" w="83" h="28" zOrder="1">
                  <links eventType="AtClick" animate="AmNone" animateAutoDelay="0" animateDuration="500">
                    <link targetPageID="C10E5C20-7BAA-49CA-8CFE-8EB044FD610D" linkType="ltPageLink" isApplyIncludePage="False" title="%E7%A1%AE%E5%AE%9A%EF%BC%81">
                      <area shape="0" alt="" ID="{BAFA109F-678E-4477-A645-1029F365BB3A}" coords="(0.5,0.5,82.5,27.5)"/>
                    </link>
                  </links>
                  <font family="%E5%BE%AE%E8%BD%AF%E9%9B%85%E9%BB%91" displayName="%E5%BE%AE%E8%BD%AF%E9%9B%85%E9%BB%91" postScript="" weightStyle="Regular" weight="400" isBold="False" isItalic="False"/>
                  <text>%E7%A1%AE%E5%AE%9A%EF%BC%81</text>
                  <textSize>14</textSize>
                  <lineSpacing>0</lineSpacing>
                </control>
                <control controlID="8719B682-651C-4507-BDC0-6B15AF6F7645" controlTypeID="Border" x="0" y="0" w="300" h="400" zOrder="2">
                  <caption>%E8%BE%B9%E6%A1%86</caption>
                  <alias>borderLayer</alias>
                </control>
              </groupChildrenDescriptors>
              <thinkness>1</thinkness>
            </control>
          </groupChildrenDescriptors>
        </control>
      </groupChildrenDescriptors>
    </control>
  </controls>
  <param>
    <backgroundColor>4294967295</backgroundColor>
    <fontSize>0</fontSize>
    <fontFamily/>
    <guideLines/>
  </param>
</mockup>