﻿<master version="5.1" minAllowVersion="5.1" ID="EE70EFB5-AFF7-4AF8-B2FE-C0E5F2810487">
  <controls>
    <control controlID="8CB35FD2-DDD3-4239-AEAC-6DEC30354E43" controlTypeID="Master" x="0" y="0" w="1100" h="939" zOrder="0" masterID="EE70EFB5-AFF7-4AF8-B2FE-C0E5F2810487">
      <groupChildrenDescriptors>
        <control controlID="0664B648-A491-42F5-A7D4-62489B0CFAA2" controlTypeID="BrowserWindow" x="0" y="0" w="1100" h="939" zOrder="0">
          <font family="%E5%BE%AE%E8%BD%AF%E9%9B%85%E9%BB%91" displayName="%E5%BE%AE%E8%BD%AF%E9%9B%85%E9%BB%91" postScript="" weightStyle="Regular" weight="400" isBold="False" isItalic="False"/>
          <text>%E7%99%BB%E5%BD%95%0D%0Ahttps%3A%2F%2Fwww.kaoqins.cn</text>
          <textSize>14</textSize>
          <textVAlign>VaTop</textVAlign>
          <lineSpacing>0</lineSpacing>
          <selectedIndex>-1</selectedIndex>
        </control>
      </groupChildrenDescriptors>
    </control>
  </controls>
</master>