﻿<mockup version="5.1" platform="MtMobile" defaultW="375" defaultH="667" from="FmLocal" screenOrientation="MoPortrait" mobileScreenScale="1.77777779102325" ID="0F14120A-622B-4236-B671-68AF6BB11CA9" measureW="375" measureH="667" clipArea="(0,0,0,0)" minAllowVersion="5.1">
  <controls controlCount="44">
    <control controlID="8330FE87-3470-40BB-BFE0-1539E0CC7156" controlTypeID="ScrollView" x="0" y="0" w="375" h="667" zOrder="0">
      <borderColor>4294967295</borderColor>
      <borderVisible>False</borderVisible>
      <groupChildrenDescriptors>
        <control controlID="E8454338-21DA-4051-BFD5-BE042C2D60C0" controlTypeID="ScrollViewContentPanel" x="0" y="0" w="391" h="1272" zOrder="0">
          <caption>%E6%BB%9A%E5%8A%A8%E5%8C%BA%E5%86%85%E5%AE%B9%E5%B1%82</caption>
          <alias>contentPanel</alias>
          <groupChildrenDescriptors>
            <control controlID="215DB3E1-4ECA-4B4E-A7F8-FE88D18DE4C5" controlTypeID="Image" x="0" y="2" w="375" h="162" zOrder="0">
              <URL>06ECC7710AD59D63EC26DE3D58DB4078.png</URL>
            </control>
            <control controlID="81769FFB-E266-44CC-BC20-06791401554D" controlTypeID="Label" x="10" y="105" w="307" h="26" zOrder="1">
              <color>16777215</color>
              <font family="Arial" displayName="Arial" postScript="" weightStyle="Regular" weight="400" isBold="False" isItalic="False"/>
              <text>%E9%AA%86%E6%85%A7%E4%BC%A6%E3%80%81%E8%8B%8F%E5%9F%B9%E6%B3%B3%E3%80%81%E9%83%AD%E9%B8%BF%E6%B8%85%E3%80%81%E6%9D%8E%E5%9D%A4%E8%BE%89</text>
              <textColor>4294967295</textColor>
              <textSize>20</textSize>
              <textVAlign>VaTop</textVAlign>
              <lineSpacing>0</lineSpacing>
              <useDefaultTextSize>False</useDefaultTextSize>
              <selectedIndex>-1</selectedIndex>
            </control>
            <control controlID="300C001D-9E02-4C7B-AB89-BF1446B71BD3" controlTypeID="Label" x="10" y="132" w="136" h="18" zOrder="2">
              <color>16777215</color>
              <font family="Arial" displayName="Arial" postScript="" weightStyle="Regular" weight="400" isBold="False" isItalic="False"/>
              <text>%E5%A5%BD%E5%A5%BD%E5%AD%A6%E4%B9%A0%EF%BC%8C%E5%A4%A9%E5%A4%A9%E5%90%91%E4%B8%8A%E3%80%82</text>
              <textColor>4294967295</textColor>
              <textVAlign>VaTop</textVAlign>
              <lineSpacing>0</lineSpacing>
              <useDefaultTextSize>False</useDefaultTextSize>
              <selectedIndex>-1</selectedIndex>
            </control>
            <control controlID="08317B8D-159B-4F7C-B031-2EF3B81E12FB" controlTypeID="Icon" x="335" y="111" w="20" h="20" zOrder="3">
              <color>4294967295</color>
              <icon>
                <ID/>
                <iconFontName>jdIonicons</iconFontName>
                <iconCode>62567</iconCode>
              </icon>
              <URL>EFB32CAA0525DDB084D7E5342E74C33D.svg</URL>
            </control>
            <control controlID="A22FC51C-E758-4B24-A2A0-7750BAB7993A" controlTypeID="Label" x="331" y="136" w="33" h="18" zOrder="4">
              <font family="Arial" displayName="Arial" postScript="" weightStyle="Regular" weight="400" isBold="False" isItalic="False"/>
              <text>11%E2%84%83</text>
              <textColor>4294967295</textColor>
              <textVAlign>VaTop</textVAlign>
              <lineSpacing>0</lineSpacing>
              <useDefaultTextSize>False</useDefaultTextSize>
              <selectedIndex>-1</selectedIndex>
            </control>
            <control controlID="DB01FC31-5DD4-4BB7-B038-8C4F9F7AE6BA" controlTypeID="Label" x="40" y="177" w="61" h="18" zOrder="5">
              <font family="Arial" displayName="Arial" postScript="" weightStyle="Regular" weight="400" isBold="False" isItalic="False"/>
              <text>%E7%8F%AD%E7%BA%A7%E6%8E%92%E5%BA%8F</text>
              <textColor>4294901886</textColor>
              <textVAlign>VaTop</textVAlign>
              <lineSpacing>0</lineSpacing>
              <useDefaultTextSize>False</useDefaultTextSize>
              <selectedIndex>-1</selectedIndex>
            </control>
            <control controlID="0C55F979-5814-4623-A29A-F0EE76D0C1A4" controlTypeID="Label" x="275" y="176" w="93" h="18" zOrder="6">
              <links eventType="AtClick" animate="AmNone" animateAutoDelay="0" animateDuration="500">
                <link targetPageID="DD4F7C76-B531-4230-BC41-DD19B39BA5AE" linkType="ltPageLink" isApplyIncludePage="False" title="See+All">
                  <area shape="0" alt="" ID="{042E21C2-B9F3-41B0-9FD5-A65C208BFDF3}" coords="(0,0,93,18)"/>
                </link>
              </links>
              <font family="Arial" displayName="Arial" postScript="" weightStyle="Regular" weight="400" isBold="False" isItalic="False"/>
              <text>%E6%9F%A5%E7%9C%8B%2F%E5%8A%A0%E5%85%A5%E7%8F%AD%E7%BA%A7</text>
              <textColor>4294901886</textColor>
              <textVAlign>VaTop</textVAlign>
              <lineSpacing>0</lineSpacing>
              <useDefaultTextSize>False</useDefaultTextSize>
              <selectedIndex>-1</selectedIndex>
            </control>
            <control controlID="C3D3AF01-AAE8-4CFB-9005-3E16E729290D" controlTypeID="Button" x="64" y="1235" w="120" h="37" zOrder="7">
              <font family="Arial" displayName="Arial" postScript="" weightStyle="Regular" weight="400" isBold="False" isItalic="False"/>
              <text>+++Local</text>
              <lineSpacing>0</lineSpacing>
              <useDefaultTextSize>False</useDefaultTextSize>
              <selectedIndex>-1</selectedIndex>
              <radius>4</radius>
              <isAutoTextColor>True</isAutoTextColor>
            </control>
            <control controlID="E0D40809-61FB-4E7B-A682-3A51B569AA5B" controlTypeID="Button" x="202" y="1235" w="120" h="37" zOrder="8">
              <color>4294901886</color>
              <borderVisible>False</borderVisible>
              <font family="Arial" displayName="Arial" postScript="" weightStyle="Regular" weight="400" isBold="False" isItalic="False"/>
              <text>+++Visitor</text>
              <lineSpacing>0</lineSpacing>
              <useDefaultTextSize>False</useDefaultTextSize>
              <selectedIndex>-1</selectedIndex>
              <radius>4</radius>
              <isAutoTextColor>True</isAutoTextColor>
            </control>
            <control controlID="ECC2E20E-77F9-41CD-9986-8EE6A26091C1" controlTypeID="Icon" x="89" y="1243" w="20" h="20" zOrder="9">
              <icon>
                <ID/>
                <iconFontName>jdIcoFont</iconFontName>
                <iconCode>59061</iconCode>
              </icon>
              <URL>1AD3E4AA478BAABFA5D1CA896D10F9F7.svg</URL>
            </control>
            <control controlID="60DB48CB-60A8-4A97-8EB2-8A746249D340" controlTypeID="Icon" x="224" y="1244" w="20" h="20" zOrder="10">
              <color>4294967295</color>
              <icon>
                <ID/>
                <iconFontName>jdFontAwesome</iconFontName>
                <iconCode>61554</iconCode>
              </icon>
              <URL>779CD82C149BD7F1E9D26956579672F7.svg</URL>
            </control>
            <control controlID="CF52AFA8-834B-4CCE-90B2-1393B33FAC32" controlTypeID="Shape" x="0" y="204" w="382" h="120" zOrder="11">
              <borderColor>4294901886</borderColor>
              <font family="Arial" displayName="Arial" postScript="" weightStyle="Regular" weight="400" isBold="False" isItalic="False"/>
              <textSize>14</textSize>
              <selectedIndex>-1</selectedIndex>
              <radius>16</radius>
              <radiusIsPercent>True</radiusIsPercent>
              <thickness>2</thickness>
            </control>
            <control controlID="14AEBA78-AC71-4772-88F8-64BB12889895" controlTypeID="TextArea" x="146" y="222" w="79" h="22" zOrder="12">
              <color>26112</color>
              <font family="Arial" displayName="Arial" postScript="" weightStyle="Regular" weight="400" isBold="False" isItalic="False"/>
              <text>%E9%AB%98%E7%AD%89%E6%95%B0%E5%AD%A6</text>
              <textColor>4278216192</textColor>
              <selectedIndex>-1</selectedIndex>
            </control>
            <control controlID="2180FF50-22AE-4DBD-AB16-5D1402C430CD" controlTypeID="TextArea" x="141" y="254" w="79" h="24" zOrder="13">
              <color>26112</color>
              <font family="Arial" displayName="Arial" postScript="" weightStyle="Regular" weight="400" isBold="False" isItalic="False"/>
              <text>%E8%80%81%E5%B8%88%EF%BC%9A%E5%BC%A0%E4%B8%89</text>
              <textColor>4278216192</textColor>
              <selectedIndex>-1</selectedIndex>
            </control>
            <control controlID="504DF78B-9490-4BBB-BFD1-B63AC6132785" controlTypeID="Button" x="51" y="282" w="74" h="32" zOrder="14">
              <links eventType="AtClick" animate="AmNone" animateAutoDelay="0" animateDuration="500">
                <link targetPageID="E66D24D5-299F-4579-943B-D79B61292841" linkType="ltPageLink" isApplyIncludePage="False" title="location1">
                  <area shape="0" alt="" ID="{A5986241-7B6A-4C19-A7E9-73F8EC4DEA65}" coords="(0,0,74,32)"/>
                </link>
              </links>
              <font family="Arial" displayName="Arial" postScript="" weightStyle="Regular" weight="400" isBold="False" isItalic="False"/>
              <text>%E7%AD%BE%E5%88%B0</text>
              <textColor>4294901886</textColor>
              <lineSpacing>0</lineSpacing>
              <selectedIndex>-1</selectedIndex>
            </control>
            <control controlID="746EA73C-B151-4BC3-A965-9AF846C9E894" controlTypeID="Button" x="238" y="282" w="74" h="32" zOrder="15">
              <links eventType="AtClick" animate="AmNone" animateAutoDelay="0" animateDuration="500">
                <link targetPageID="66B577CB-EC6B-418C-81BE-C7D1C3062A1E" linkType="ltPageLink" isApplyIncludePage="False" title="qingjia">
                  <area shape="0" alt="" ID="{7F7407B6-3C7C-4B49-9DFF-82033947373F}" coords="(0,0,74,32)"/>
                </link>
              </links>
              <font family="Arial" displayName="Arial" postScript="" weightStyle="Regular" weight="400" isBold="False" isItalic="False"/>
              <text>%E8%AF%B7%E5%81%87</text>
              <textColor>4294901886</textColor>
              <lineSpacing>0</lineSpacing>
              <selectedIndex>-1</selectedIndex>
            </control>
            <control controlID="34E777E7-02B8-4051-98F1-9802CDE0986A" controlTypeID="Shape" x="0" y="345" w="382" h="120" zOrder="16">
              <borderColor>4294901886</borderColor>
              <font family="Arial" displayName="Arial" postScript="" weightStyle="Regular" weight="400" isBold="False" isItalic="False"/>
              <textSize>14</textSize>
              <selectedIndex>-1</selectedIndex>
              <radius>16</radius>
              <radiusIsPercent>True</radiusIsPercent>
              <thickness>2</thickness>
            </control>
            <control controlID="C430F64D-794A-40E9-82AE-3DBA09FB6FDB" controlTypeID="TextArea" x="131" y="361" w="124" h="22" zOrder="17">
              <font family="Arial" displayName="Arial" postScript="" weightStyle="Regular" weight="400" isBold="False" isItalic="False"/>
              <text>%E8%AE%A1%E7%AE%97%E6%9C%BA%E5%AE%9E%E8%B7%B5%E8%AF%BE</text>
              <textColor>4278216192</textColor>
              <selectedIndex>-1</selectedIndex>
            </control>
            <control controlID="F3650DA4-CB5B-47F1-9A6B-00D35520E598" controlTypeID="TextArea" x="131" y="383" w="121" h="24" zOrder="18">
              <font family="Arial" displayName="Arial" postScript="" weightStyle="Regular" weight="400" isBold="False" isItalic="False"/>
              <text>%E8%80%81%E5%B8%88%EF%BC%9A%E6%B1%A0%E8%80%81%E6%A0%87</text>
              <textColor>4278216192</textColor>
              <selectedIndex>-1</selectedIndex>
            </control>
            <control controlID="5D2B5C2E-2557-4206-ADEF-29C6909284FA" controlTypeID="Button" x="51" y="417" w="74" h="32" zOrder="19">
              <links eventType="AtClick" animate="AmNone" animateAutoDelay="0" animateDuration="500">
                <link targetPageID="E66D24D5-299F-4579-943B-D79B61292841" linkType="ltPageLink" isApplyIncludePage="False" title="location1">
                  <area shape="0" alt="" ID="{A5986241-7B6A-4C19-A7E9-73F8EC4DEA65}" coords="(0,0,74,32)"/>
                </link>
              </links>
              <font family="Arial" displayName="Arial" postScript="" weightStyle="Regular" weight="400" isBold="False" isItalic="False"/>
              <text>%E7%AD%BE%E5%88%B0</text>
              <textColor>4294901886</textColor>
              <lineSpacing>0</lineSpacing>
              <selectedIndex>-1</selectedIndex>
            </control>
            <control controlID="45BC30A7-CC29-491A-BEA8-0E1D2A23E64C" controlTypeID="Button" x="238" y="417" w="74" h="32" zOrder="20">
              <links eventType="AtClick" animate="AmNone" animateAutoDelay="0" animateDuration="500">
                <link targetPageID="66B577CB-EC6B-418C-81BE-C7D1C3062A1E" linkType="ltPageLink" isApplyIncludePage="False" title="qingjia">
                  <area shape="0" alt="" ID="{7F7407B6-3C7C-4B49-9DFF-82033947373F}" coords="(0,0,74,32)"/>
                </link>
              </links>
              <font family="Arial" displayName="Arial" postScript="" weightStyle="Regular" weight="400" isBold="False" isItalic="False"/>
              <text>%E8%AF%B7%E5%81%87</text>
              <textColor>4294901886</textColor>
              <lineSpacing>0</lineSpacing>
              <selectedIndex>-1</selectedIndex>
            </control>
            <control controlID="2BF3219B-F4A8-4D81-BBB9-CE4DF08F21D0" controlTypeID="Icon" x="10" y="174" w="20" h="20" zOrder="21">
              <color>4294901886</color>
              <icon>
                <ID/>
                <iconFontName>jdFontAwesome</iconFontName>
                <iconCode>61484</iconCode>
              </icon>
              <URL>777847DCA115C7F4EBE81FF6D6EFC075.svg</URL>
            </control>
            <control controlID="CB52B4F3-9ED1-4A3B-A460-6BA5C17F96A6" controlTypeID="Shape" x="1" y="489" w="382" h="120" zOrder="22">
              <borderColor>4294901886</borderColor>
              <font family="Arial" displayName="Arial" postScript="" weightStyle="Regular" weight="400" isBold="False" isItalic="False"/>
              <textSize>14</textSize>
              <selectedIndex>-1</selectedIndex>
              <radius>16</radius>
              <radiusIsPercent>True</radiusIsPercent>
              <thickness>2</thickness>
            </control>
            <control controlID="81382AE2-EB0D-4B5E-9C21-555E9FB20F2A" controlTypeID="TextArea" x="130" y="510" w="124" h="22" zOrder="23">
              <font family="Arial" displayName="Arial" postScript="" weightStyle="Regular" weight="400" isBold="False" isItalic="False"/>
              <text>%E8%AE%A1%E7%AE%97%E6%9C%BA%E5%AE%9E%E8%B7%B5%E8%AF%BE</text>
              <textColor>4278216192</textColor>
              <selectedIndex>-1</selectedIndex>
            </control>
            <control controlID="42F201EA-E17E-4D7C-9006-963A3AB0F1C0" controlTypeID="TextArea" x="133" y="532" w="121" h="24" zOrder="24">
              <font family="Arial" displayName="Arial" postScript="" weightStyle="Regular" weight="400" isBold="False" isItalic="False"/>
              <text>%E8%80%81%E5%B8%88%EF%BC%9A%E6%B1%A0%E8%80%81%E6%A0%87</text>
              <textColor>4278216192</textColor>
              <selectedIndex>-1</selectedIndex>
            </control>
            <control controlID="27C6AEB0-367B-4E46-9C56-FC6E6D692F2B" controlTypeID="Button" x="49" y="555" w="74" h="32" zOrder="25">
              <links eventType="AtClick" animate="AmNone" animateAutoDelay="0" animateDuration="500">
                <link targetPageID="E66D24D5-299F-4579-943B-D79B61292841" linkType="ltPageLink" isApplyIncludePage="False" title="location1">
                  <area shape="0" alt="" ID="{A5986241-7B6A-4C19-A7E9-73F8EC4DEA65}" coords="(0,0,74,32)"/>
                </link>
              </links>
              <font family="Arial" displayName="Arial" postScript="" weightStyle="Regular" weight="400" isBold="False" isItalic="False"/>
              <text>%E7%AD%BE%E5%88%B0</text>
              <textColor>4294901886</textColor>
              <lineSpacing>0</lineSpacing>
              <selectedIndex>-1</selectedIndex>
            </control>
            <control controlID="967F83CC-E6BC-4620-88C4-E9FDC6B8DA1A" controlTypeID="Button" x="238" y="556" w="74" h="32" zOrder="26">
              <links eventType="AtClick" animate="AmNone" animateAutoDelay="0" animateDuration="500">
                <link targetPageID="66B577CB-EC6B-418C-81BE-C7D1C3062A1E" linkType="ltPageLink" isApplyIncludePage="False" title="qingjia">
                  <area shape="0" alt="" ID="{7F7407B6-3C7C-4B49-9DFF-82033947373F}" coords="(0,0,74,32)"/>
                </link>
              </links>
              <font family="Arial" displayName="Arial" postScript="" weightStyle="Regular" weight="400" isBold="False" isItalic="False"/>
              <text>%E8%AF%B7%E5%81%87</text>
              <textColor>4294901886</textColor>
              <lineSpacing>0</lineSpacing>
              <selectedIndex>-1</selectedIndex>
            </control>
          </groupChildrenDescriptors>
        </control>
        <control controlID="14B4A392-5DF0-448E-813F-A877EA38F6B9" controlTypeID="Border" x="0" y="0" w="375" h="667" zOrder="1">
          <color>4284900966</color>
          <borderColor>4294967295</borderColor>
          <borderVisible>False</borderVisible>
          <alias>borderLayer</alias>
        </control>
      </groupChildrenDescriptors>
    </control>
    <control controlID="3B4232FE-AAB8-4BBD-9296-76687DD77BAA" controlTypeID="StatusBar(IOS)" x="0" y="0" w="375" h="20" zOrder="1">
      <color>0</color>
    </control>
    <control controlID="DC149318-6C39-4F7B-B0F0-64690A176003" controlTypeID="Icon" x="13" y="30" w="30" h="30" zOrder="2">
      <color>4294967295</color>
      <icon>
        <ID/>
        <iconFontName>jdFontAwesome</iconFontName>
        <iconCode>61720</iconCode>
      </icon>
      <URL>94B09333377F56B1A0FACA11FA2202A2.svg</URL>
    </control>
    <control controlID="DCE7C4C6-B69E-43B5-B51A-BCDE625B128C" controlTypeID="Search" x="74" y="29" w="228" h="30" zOrder="3">
      <color>2164260863</color>
      <borderColor>3439329279</borderColor>
      <font family="Arial" displayName="Arial" postScript="" weightStyle="Regular" weight="400" isBold="False" isItalic="False"/>
      <textColor>4294967295</textColor>
      <textSize>13</textSize>
      <textVAlign>VaTop</textVAlign>
      <lineSpacing>0</lineSpacing>
      <useDefaultTextSize>False</useDefaultTextSize>
      <selectedIndex>-1</selectedIndex>
    </control>
    <control controlID="FFFE29F0-F0AA-4E29-9060-D8C0ED4856A8" controlTypeID="Icon" x="334" y="30" w="29" h="29" zOrder="4">
      <color>4294967295</color>
      <links eventType="AtClick" animate="AmNone" animateAutoDelay="0" animateDuration="500">
        <link targetPageID="C5192FF4-5C3C-4627-9E8F-DEB3789DD925" linkType="ltPageLink" isApplyIncludePage="False" title="city">
          <area shape="0" alt="" ID="{AA3DD2FB-7A5B-45BA-8F1A-D49186C97F81}" coords="(0,0,29,29)"/>
        </link>
      </links>
      <icon>
        <ID/>
        <iconFontName>jdIonicons</iconFontName>
        <iconCode>62549</iconCode>
      </icon>
      <URL>AB82E8FCCF2631C24A67D663B4832CA3.svg</URL>
    </control>
    <control controlID="BA288AC0-5BD5-40D4-B757-642F342DF019" controlTypeID="TextInput" x="98" y="32" w="193" h="24" zOrder="5">
      <color>16777215</color>
      <borderColor>6710886</borderColor>
      <font family="Arial" displayName="Arial" postScript="" weightStyle="Regular" weight="400" isBold="False" isItalic="False"/>
      <text>%E6%90%9C%E7%B4%A2</text>
      <textColor>4294967295</textColor>
      <textSize>12</textSize>
      <lineSpacing>0</lineSpacing>
      <selectedIndex>-1</selectedIndex>
    </control>
    <control controlID="197865E1-500F-43D7-A433-D5B38D584315" controlTypeID="TextArea" x="49" y="653" w="31" h="14" zOrder="6">
      <font family="Footlight+MT+Light" displayName="Footlight+MT+Light" postScript="" weightStyle="Regular" weight="300" isBold="False" isItalic="False"/>
      <text>%E7%AD%BE%E5%88%B0</text>
      <textSize>10</textSize>
      <useDefaultTextSize>False</useDefaultTextSize>
      <selectedIndex>-1</selectedIndex>
    </control>
    <control controlID="57355A67-33AB-4BD8-BE7F-4BF7AA13E60C" controlTypeID="Icon" x="49" y="629" w="24" h="24" zOrder="7">
      <color>4294901886</color>
      <icon>
        <ID/>
        <iconFontName>jdIonicons</iconFontName>
        <iconCode>62323</iconCode>
      </icon>
      <URL>784D3084F9C2AFEEB7C71AAC6A2AAEE8.svg</URL>
    </control>
    <control controlID="809EEC68-4387-454A-9C0F-791C9C372EA3" controlTypeID="Icon" x="311" y="629" w="24" h="24" zOrder="8">
      <color>4288256409</color>
      <icon>
        <ID/>
        <iconFontName>jdIonicons</iconFontName>
        <iconCode>62168</iconCode>
      </icon>
      <URL>DDCF3FD76903519FD712CE9D1716E411.svg</URL>
    </control>
    <control controlID="1DDAC1E4-FA7D-4E8B-8605-CF31B6851F8D" controlTypeID="TextArea" x="318" y="653" w="18" h="14" zOrder="9">
      <font family="Footlight+MT+Light" displayName="Footlight+MT+Light" postScript="" weightStyle="Regular" weight="300" isBold="False" isItalic="False"/>
      <text>%E6%88%91</text>
      <textSize>10</textSize>
      <useDefaultTextSize>False</useDefaultTextSize>
      <selectedIndex>-1</selectedIndex>
    </control>
    <control controlID="D8F78ED4-1CCA-4003-872F-0217F36723F0" controlTypeID="TextArea" x="229" y="653" w="27" h="14" zOrder="10">
      <font family="Footlight+MT+Light" displayName="Footlight+MT+Light" postScript="" weightStyle="Regular" weight="300" isBold="False" isItalic="False"/>
      <text>%E6%B6%88%E6%81%AF</text>
      <textSize>10</textSize>
      <useDefaultTextSize>False</useDefaultTextSize>
      <selectedIndex>-1</selectedIndex>
    </control>
    <control controlID="97733309-8D3F-4988-90C9-F0065D2F11DB" controlTypeID="Icon" x="229" y="629" w="24" h="24" zOrder="11">
      <color>4288256409</color>
      <icon>
        <ID/>
        <iconFontName>jdIonicons</iconFontName>
        <iconCode>62164</iconCode>
      </icon>
      <URL>6435FAA4924A62D32BF5E6A70174E146.svg</URL>
    </control>
    <control controlID="92BB5111-4832-4F29-80C8-733CC5B387B8" controlTypeID="Icon" x="142" y="629" w="24" h="24" zOrder="12">
      <color>4288256409</color>
      <icon>
        <ID/>
        <iconFontName>jdIonicons</iconFontName>
        <iconCode>62316</iconCode>
      </icon>
      <URL>99F3306433F452A04737307858F73970.svg</URL>
    </control>
    <control controlID="505D5C54-976D-4A17-86CE-F0889E2692B7" controlTypeID="TextArea" x="144" y="653" w="24" h="14" zOrder="13">
      <font family="Footlight+MT+Light" displayName="Footlight+MT+Light" postScript="" weightStyle="Regular" weight="300" isBold="False" isItalic="False"/>
      <text>%E8%AF%B7%E5%81%87</text>
      <textSize>10</textSize>
      <useDefaultTextSize>False</useDefaultTextSize>
      <selectedIndex>-1</selectedIndex>
    </control>
    <control controlID="8AB7AC9B-00A0-4DD2-853B-2A5E3DFA1092" controlTypeID="Line" x="-2" y="624" w="377" h="1" zOrder="14">
      <font family="Arial" displayName="Arial" postScript="" weightStyle="Regular" weight="400" isBold="False" isItalic="False"/>
      <textSize>14</textSize>
      <lineSpacing>0</lineSpacing>
      <selectedIndex>-1</selectedIndex>
      <controlPoint>(189,0)</controlPoint>
      <startPoint>(1,0)</startPoint>
      <endPoint>(377,0)</endPoint>
    </control>
  </controls>
  <param>
    <backgroundColor>4294967295</backgroundColor>
    <fontFamily>Arial</fontFamily>
    <guideLines/>
  </param>
</mockup>