﻿<mockup version="5.1" minAllowVersion="5.1" ID="0F9BCBC5-C2C5-43F1-B3B5-42B584ADCA60" platform="MtMobile" defaultW="375" defaultH="667" screenOrientation="MoPortrait" mobileScreenScale="1.77777779102325" measureW="375" measureH="667" clipArea="(0,0,0,0)">
  <controls controlCount="6">
    <control controlID="16D4BAFB-01AA-4FD1-B2E2-54C2897D0DF4" controlTypeID="Shape" x="41" y="163" w="200" h="44" zOrder="0">
      <color>4293980400</color>
      <borderVisible>False</borderVisible>
      <font family="Arial" displayName="Arial" postScript="" weightStyle="Regular" weight="400" isBold="False" isItalic="False"/>
      <textSize>14</textSize>
      <selectedIndex>-1</selectedIndex>
      <radius>4</radius>
    </control>
    <control controlID="28C8E085-4C0E-4655-8AB7-06BB996F5C40" controlTypeID="Shape" x="41" y="229" w="294" h="44" zOrder="1">
      <color>4278229503</color>
      <borderVisible>False</borderVisible>
      <links eventType="AtClick" animate="AmNone" animateAutoDelay="0" animateDuration="500">
        <link targetPageID="C30431CD-631B-4583-97CB-303318E17DCF" linkType="ltPageLink" isApplyIncludePage="False" title="reset+password">
          <area shape="0" alt="" ID="{F97CF051-4AA4-49FC-8B08-DF330D100803}" coords="(0,0,294,44)"/>
        </link>
      </links>
      <font family="Arial" displayName="Arial" postScript="" weightStyle="Regular" weight="400" isBold="False" isItalic="False"/>
      <text>%E4%B8%8B%E4%B8%80%E6%AD%A5</text>
      <textColor>4294967295</textColor>
      <textSize>14</textSize>
      <selectedIndex>-1</selectedIndex>
      <radius>4</radius>
    </control>
    <control controlID="27786673-477C-400F-A071-E78D86DDF441" controlTypeID="TextInput" x="48" y="166" w="204" h="39" zOrder="2">
      <color>16777215</color>
      <borderColor>6710886</borderColor>
      <font family="Arial" displayName="Arial" postScript="" weightStyle="Regular" weight="400" isBold="False" isItalic="False"/>
      <text>%E8%BE%93%E5%85%A5%E9%AA%8C%E8%AF%81%E7%A0%81</text>
      <textColor>4288256409</textColor>
      <lineSpacing>0</lineSpacing>
      <selectedIndex>-1</selectedIndex>
    </control>
    <control controlID="5C467C50-8591-437A-8EC0-9A46F98FD549" controlTypeID="StatusBar(IOS)" x="0" y="0" w="375" h="20" zOrder="3">
      <color>4294967295</color>
    </control>
    <control controlID="6EEEBAC3-FB81-47DE-9DD0-6BA8D4103C19" controlTypeID="Icon" x="10" y="39" w="18" h="18" zOrder="4">
      <color>4291611852</color>
      <links eventType="AtClick" animate="AmPushRight" animateAutoDelay="0" animateDuration="500">
        <link targetPageID="2CE04262-7504-498F-928C-C924B673D847" linkType="ltPageLink" isApplyIncludePage="False" title="forget+password">
          <area shape="0" alt="" ID="{420E51E9-646B-4663-936F-017853A49C42}" coords="(0,0,18,18)"/>
        </link>
      </links>
      <icon>
        <ID/>
        <iconFontName>jdIonicons</iconFontName>
        <iconCode>62418</iconCode>
      </icon>
      <URL>91852B86E51F760894554368302F9800.svg</URL>
    </control>
    <control controlID="174DF174-C8BC-4D3C-B319-1BDB66AC0392" controlTypeID="Shape" x="252" y="166" w="83" h="44" zOrder="5">
      <color>4278229503</color>
      <borderVisible>False</borderVisible>
      <links eventType="AtClick" animate="AmNone" animateAutoDelay="0" animateDuration="500">
        <link targetPageID="C30431CD-631B-4583-97CB-303318E17DCF" linkType="ltPageLink" isApplyIncludePage="False" title="reset+password">
          <area shape="0" alt="" ID="{F97CF051-4AA4-49FC-8B08-DF330D100803}" coords="(0,0,83,44)"/>
        </link>
      </links>
      <font family="Arial" displayName="Arial" postScript="" weightStyle="Regular" weight="400" isBold="False" isItalic="False"/>
      <text>%E8%8E%B7%E5%8F%96%E9%AA%8C%E8%AF%81%E7%A0%81</text>
      <textColor>4294967295</textColor>
      <textSize>14</textSize>
      <selectedIndex>-1</selectedIndex>
      <radius>4</radius>
    </control>
  </controls>
  <param>
    <backgroundColor>4294967295</backgroundColor>
    <fontSize>0</fontSize>
    <fontFamily>Arial</fontFamily>
    <guideLines/>
  </param>
</mockup>