﻿<mockup version="5.1" minAllowVersion="5.1" ID="108C00AC-F500-494F-9DE6-7CBEB16DCB17" platform="MtMobile" defaultW="375" defaultH="667" screenOrientation="MoPortrait" mobileScreenScale="1.77777779102325" measureW="375" measureH="667" clipArea="(0,0,0,0)">
  <controls controlCount="13">
    <control controlID="3E348CFC-837F-485D-B4F1-60961F08D735" controlTypeID="Shape" x="0" y="20" w="375" h="44" zOrder="0">
      <borderColor>4291611852</borderColor>
      <font family="Arial" displayName="Arial" postScript="" weightStyle="Regular" weight="400" isBold="False" isItalic="False"/>
      <selectedIndex>-1</selectedIndex>
      <borderMode>[bmBottom]</borderMode>
    </control>
    <control controlID="3F4CAB2D-A735-4F73-A162-CEF02187D27D" controlTypeID="Icon" x="10" y="33" w="18" h="18" zOrder="1">
      <color>4294901886</color>
      <links eventType="AtClick" animate="AmPushRight" animateAutoDelay="0" animateDuration="500">
        <link targetPageID="66B577CB-EC6B-418C-81BE-C7D1C3062A1E" linkType="ltPageLink" isApplyIncludePage="False" title="qingjia">
          <area shape="0" alt="" ID="{871BA88B-5137-4D64-8DA3-BC9C8AAABACE}" coords="(0,0,18,18)"/>
        </link>
      </links>
      <icon>
        <ID/>
        <iconFontName>jdIonicons</iconFontName>
        <iconCode>62418</iconCode>
      </icon>
      <URL>91852B86E51F760894554368302F9800.svg</URL>
    </control>
    <control controlID="66F1C889-EDAD-4360-A28D-C5B9800D3DAE" controlTypeID="Icon" x="341" y="32" w="22" h="22" zOrder="2">
      <color>4278190080</color>
      <icon>
        <ID/>
        <iconFontName>jdIcoMoonFree</iconFontName>
        <iconCode>59916</iconCode>
      </icon>
      <URL>FFC59E885BE943AA6C1EA09A32C43B95.svg</URL>
    </control>
    <control controlID="8ADBA012-B484-4C99-8A88-76E92D37E3FC" controlTypeID="Icon" x="146" y="69" w="86" h="86" zOrder="3">
      <color>4278229503</color>
      <icon>
        <ID/>
        <iconFontName>jdFontAwesome</iconFontName>
        <iconCode>61508</iconCode>
      </icon>
      <URL>4C4B8FA8108FC56D0D2BD6A0A4E9D09F.svg</URL>
    </control>
    <control controlID="78C8C371-5C95-40C2-940F-4135871843DD" controlTypeID="TextArea" x="18" y="158" w="335" h="117" zOrder="4">
      <borderColor>4282664004</borderColor>
      <font family="Arial" displayName="Arial" postScript="" weightStyle="Regular" weight="400" isBold="False" isItalic="False"/>
      <text>%E8%AF%B7%E7%A1%AE%E8%AE%A4%E8%AF%B7%E5%81%87%E4%BF%A1%E6%81%AF%E6%98%AF%E5%90%A6%E6%AD%A3%E7%A1%AE</text>
      <textSize>16</textSize>
      <textAlign>HaCenter</textAlign>
      <useDefaultTextSize>False</useDefaultTextSize>
      <selectedIndex>-1</selectedIndex>
    </control>
    <control controlID="A77B4215-9696-4150-8C45-1ADA4C1FC1CE" controlTypeID="Button" x="8" y="590" w="355" h="48" zOrder="5">
      <color>4278229503</color>
      <borderVisible>False</borderVisible>
      <interactiveData>
        <entry title="">
          <area shape="0" alt="" ID="{119B7EDE-6DA5-4587-9FE2-7F015D72473C}" coords="(0,0,355,48)"/>
          <events title="">
            <event eventType="atClick" isChecked="True">
              <behaviour title="" isChecked="True" isWait="False" isLoop="False" execMode="emParallel">
                <target targetID="8E947884-4011-4A15-8525-2408BEAC537E" isChecked="True" isAutoRecovery="False" isLoop="False" execMode="emSequence">
                  <command name="Popup State Change" isChecked="True" descrition="">
                    <param name="AniInterpolation" value="0" varType="3" description=""/>
                    <param name="AniDuration" value="200" varType="3" description=""/>
                    <param name="AniAutoReverse" value="False" varType="11" description=""/>
                    <param name="AniLoop" value="False" varType="11" description=""/>
                    <param name="AniInterpolationTypeOut" value="False" varType="11" description=""/>
                    <param name="Delay" value="0" varType="3" description=""/>
                    <param name="Value" value="2" varType="3" description=""/>
                    <param name="AniType" value="0" varType="3" description=""/>
                  </command>
                </target>
              </behaviour>
            </event>
          </events>
        </entry>
      </interactiveData>
      <font family="Arial" displayName="Arial" postScript="" weightStyle="Regular" weight="400" isBold="False" isItalic="False"/>
      <text>%E7%A1%AE%E8%AE%A4%E6%8F%90%E4%BA%A4%E7%94%B3%E8%AF%B7</text>
      <textSize>16</textSize>
      <lineSpacing>0</lineSpacing>
      <useDefaultTextSize>False</useDefaultTextSize>
      <selectedIndex>-1</selectedIndex>
      <radius>4</radius>
      <isAutoTextColor>True</isAutoTextColor>
    </control>
    <control controlID="BD0D3A72-A3FD-4878-8DF0-2656FF58B8D2" controlTypeID="Image" x="30" y="176" w="319" h="403" zOrder="6">
      <URL>D832FB4B0796DCD2B2F95154F1E930A4.png</URL>
    </control>
    <control controlID="053B0EA8-C328-4E75-A8CB-2CBE9D5E65FB" controlTypeID="StatusBar(IOS)" x="0" y="0" w="375" h="20" zOrder="7"/>
    <control controlID="8E947884-4011-4A15-8525-2408BEAC537E" controlTypeID="AlertWindow" x="-185" y="232" w="46" h="46" zOrder="8">
      <groupChildrenDescriptors>
        <control controlID="580072D4-E9B7-406D-A9E6-188BC4A0CF59" controlTypeID="Panel" x="0" y="0" w="375" h="667" zOrder="0">
          <locked>True</locked>
          <color>1879048192</color>
          <borderVisible>False</borderVisible>
          <canMove>False</canMove>
          <alias>background</alias>
          <groupChildrenDescriptors>
            <control controlID="67E1B84C-B288-4320-83E8-438293474D97" controlTypeID="Border" x="0" y="0" w="375" h="667" zOrder="0">
              <borderVisible>False</borderVisible>
              <alias>borderLayer</alias>
            </control>
          </groupChildrenDescriptors>
          <thinkness>1</thinkness>
        </control>
        <control controlID="6E2A4E3E-CA54-47A5-8C63-38C58E44AA9D" controlTypeID="PopupPanelContent" x="62" y="252" w="250" h="162" zOrder="1">
          <color>16777215</color>
          <alias>content</alias>
          <groupChildrenDescriptors>
            <control controlID="43EB03A8-0BFA-41DC-9281-154EDCAFCF61" controlTypeID="Alert" x="0" y="0" w="250" h="162" zOrder="0">
              <alias>content</alias>
              <font family="Arial" displayName="Arial" postScript="" weightStyle="Regular" weight="400" isBold="False" isItalic="False"/>
              <text>%E6%8F%90%E4%BA%A4%E6%88%90%E5%8A%9F%EF%BC%81</text>
              <textSize>14</textSize>
              <lineSpacing>0</lineSpacing>
            </control>
          </groupChildrenDescriptors>
        </control>
      </groupChildrenDescriptors>
    </control>
  </controls>
  <param>
    <backgroundColor>4294967295</backgroundColor>
    <fontSize>0</fontSize>
    <fontFamily>Arial</fontFamily>
    <guideLines/>
  </param>
</mockup>