﻿<mockup version="5.1" minAllowVersion="5.1" ID="25AA2510-F1F2-4282-A506-A81997C19CE4" platform="MtMobile" defaultW="375" defaultH="667" screenOrientation="MoPortrait" mobileScreenScale="1.77777779102325" measureW="375" measureH="667" clipArea="(0,0,0,0)">
  <controls controlCount="14">
    <control controlID="B22792AC-D369-4B56-8A7A-C46AC9D569DA" controlTypeID="TextArea" x="49" y="653" w="31" h="14" zOrder="0">
      <font family="Footlight+MT+Light" displayName="Footlight+MT+Light" postScript="" weightStyle="Regular" weight="300" isBold="False" isItalic="False"/>
      <text>%E7%AD%BE%E5%88%B0</text>
      <textSize>10</textSize>
      <useDefaultTextSize>False</useDefaultTextSize>
      <selectedIndex>-1</selectedIndex>
    </control>
    <control controlID="6451144C-93FE-482A-9EFE-1B9CA547DF4E" controlTypeID="Icon" x="49" y="629" w="24" h="24" zOrder="1">
      <color>4288256409</color>
      <icon>
        <ID/>
        <iconFontName>jdIonicons</iconFontName>
        <iconCode>62323</iconCode>
      </icon>
      <URL>784D3084F9C2AFEEB7C71AAC6A2AAEE8.svg</URL>
    </control>
    <control controlID="E36BC84D-2A15-4EB2-8BB8-00155064A653" controlTypeID="Icon" x="311" y="629" w="24" h="24" zOrder="2">
      <color>4288256409</color>
      <icon>
        <ID/>
        <iconFontName>jdIonicons</iconFontName>
        <iconCode>62168</iconCode>
      </icon>
      <URL>DDCF3FD76903519FD712CE9D1716E411.svg</URL>
    </control>
    <control controlID="F62A776B-7AFE-46A2-B5FE-FC170BB5B8E0" controlTypeID="TextArea" x="318" y="653" w="18" h="14" zOrder="3">
      <font family="Footlight+MT+Light" displayName="Footlight+MT+Light" postScript="" weightStyle="Regular" weight="300" isBold="False" isItalic="False"/>
      <text>%E6%88%91</text>
      <textSize>10</textSize>
      <useDefaultTextSize>False</useDefaultTextSize>
      <selectedIndex>-1</selectedIndex>
    </control>
    <control controlID="7168BBD2-C7FE-40A8-A969-A470AF29502E" controlTypeID="TextArea" x="229" y="653" w="27" h="14" zOrder="4">
      <font family="Footlight+MT+Light" displayName="Footlight+MT+Light" postScript="" weightStyle="Regular" weight="300" isBold="False" isItalic="False"/>
      <text>%E6%B6%88%E6%81%AF</text>
      <textSize>10</textSize>
      <useDefaultTextSize>False</useDefaultTextSize>
      <selectedIndex>-1</selectedIndex>
    </control>
    <control controlID="A3F4308F-C652-4655-9526-6471AFC5DC2F" controlTypeID="Icon" x="229" y="629" w="24" h="24" zOrder="5">
      <color>4278229503</color>
      <icon>
        <ID/>
        <iconFontName>jdIonicons</iconFontName>
        <iconCode>62164</iconCode>
      </icon>
      <URL>6435FAA4924A62D32BF5E6A70174E146.svg</URL>
    </control>
    <control controlID="B17A743B-D018-4204-ACFC-90A8C3634AB2" controlTypeID="Icon" x="142" y="629" w="24" h="24" zOrder="6">
      <color>4288256409</color>
      <icon>
        <ID/>
        <iconFontName>jdIonicons</iconFontName>
        <iconCode>62316</iconCode>
      </icon>
      <URL>99F3306433F452A04737307858F73970.svg</URL>
    </control>
    <control controlID="E89A9D30-DA52-4C39-AD93-74A9F3D90D16" controlTypeID="TextArea" x="144" y="653" w="24" h="14" zOrder="7">
      <font family="Footlight+MT+Light" displayName="Footlight+MT+Light" postScript="" weightStyle="Regular" weight="300" isBold="False" isItalic="False"/>
      <text>%E8%AF%B7%E5%81%87</text>
      <textSize>10</textSize>
      <useDefaultTextSize>False</useDefaultTextSize>
      <selectedIndex>-1</selectedIndex>
    </control>
    <control controlID="7705DE34-9A56-43F0-8157-895CA300F0AE" controlTypeID="Line" x="-2" y="624" w="377" h="1" zOrder="8">
      <font family="Arial" displayName="Arial" postScript="" weightStyle="Regular" weight="400" isBold="False" isItalic="False"/>
      <textSize>14</textSize>
      <lineSpacing>0</lineSpacing>
      <selectedIndex>-1</selectedIndex>
      <controlPoint>(189,0)</controlPoint>
      <startPoint>(1,0)</startPoint>
      <endPoint>(377,0)</endPoint>
    </control>
    <control controlID="7F4144BB-4410-4D87-81B6-6D44E3667482" controlTypeID="__group__" x="0" y="30" w="256" h="387" zOrder="9">
      <groupChildrenDescriptors>
        <control controlID="24F33162-C17D-4178-B81B-D0A09BB0CDE6" controlTypeID="Image" x="0" y="0" w="256" h="359" zOrder="0">
          <URL>3B9371A3C6D28063FA69244E3E75989F.png</URL>
          <showText>False</showText>
        </control>
        <control controlID="58580353-F89A-417A-818D-FA0B37424D1A" controlTypeID="Label" x="42" y="369" w="145" h="18" zOrder="1">
          <font family="Arial" displayName="Arial" postScript="" weightStyle="Regular" weight="400" isBold="False" isItalic="False"/>
          <text>%E8%AF%BE%E7%A8%8B%E5%90%8D%E7%A7%B0%EF%BC%9A%E8%AE%A1%E7%AE%97%E6%9C%BA%E7%BD%91%E7%BB%9C</text>
          <textColor>4281545523</textColor>
          <textVAlign>VaTop</textVAlign>
          <lineSpacing>0</lineSpacing>
          <useDefaultTextSize>False</useDefaultTextSize>
          <selectedIndex>-1</selectedIndex>
        </control>
      </groupChildrenDescriptors>
    </control>
    <control controlID="7E338A79-4050-4BB6-AECA-AB83E1B141EC" controlTypeID="Shape" x="0" y="417" w="375" h="207" zOrder="10">
      <color>4293980400</color>
      <borderVisible>False</borderVisible>
      <font family="Arial" displayName="Arial+Bold" postScript="" weightStyle="Bold" weight="700" isBold="True" isItalic="False"/>
      <text>%E5%A7%93%E5%90%8D%EF%BC%9A%E9%AA%86%E6%85%A7%E4%BC%A6%0D%0A%E5%AD%A6%E5%8F%B7%EF%BC%9A1703270XX%0D%0A%E4%B8%93%E4%B8%9A%EF%BC%9A%E8%AE%A1%E7%AE%97%E6%9C%BA%E6%8A%80%E6%9C%AF%0D%0A%E6%97%B7%E8%AF%BE%E6%AC%A1%E6%95%B0%EF%BC%9A0%E6%AC%A1%0D%0A%E6%97%B7%E8%AF%BE%E7%AD%89%E7%BA%A7%EF%BC%9AA%E7%BA%A7%0D%0A%E5%B9%B3%E6%97%B6%E8%A1%A8%E7%8E%B0%EF%BC%9A%0D%0A%E9%80%9A%E7%9F%A5%EF%BC%9A1%E3%80%81%E5%91%A8%E5%85%AD%E4%B8%8A%E5%8D%88%E5%B8%83%E7%BD%AE%E4%BA%86%E6%96%B0%E4%BD%9C%E4%B8%9A%0D%0A+++++++++++2%E3%80%81%E5%91%A8%E6%97%A5%E6%99%9A%E4%B8%8A%E8%A6%81%E6%8F%90%E4%BA%A4%E4%BD%9C%E4%B8%9A%0D%0A%0D%0A%0D%0A%0D%0A%0D%0A%0D%0A%0D%0A%0D%0A</text>
      <textSize>14</textSize>
      <textAlign>HaLeft</textAlign>
      <textVAlign>VaTop</textVAlign>
      <textStyles>[fsBold]</textStyles>
      <useDefaultTextSize>False</useDefaultTextSize>
      <selectedIndex>-1</selectedIndex>
      <radius>4</radius>
    </control>
    <control controlID="51824A06-BA7C-4CEC-B1E1-25458B6C1710" controlTypeID="StatusBar(IOS)" x="0" y="0" w="375" h="20" zOrder="11"/>
  </controls>
  <param>
    <backgroundColor>4294967295</backgroundColor>
    <fontSize>0</fontSize>
    <fontFamily>Arial</fontFamily>
    <guideLines/>
  </param>
</mockup>