﻿<mockup version="5.1" minAllowVersion="5.1" ID="2CE04262-7504-498F-928C-C924B673D847" platform="MtMobile" defaultW="375" defaultH="667" screenOrientation="MoPortrait" mobileScreenScale="1.77777779102325" measureW="375" measureH="667" clipArea="(0,0,0,0)">
  <controls controlCount="5">
    <control controlID="ABADD3F6-B979-4B47-93A6-CA9B4EAAA2D7" controlTypeID="StatusBar(IOS)" x="0" y="0" w="375" h="20" zOrder="0">
      <color>4294967295</color>
    </control>
    <control controlID="8C1DB76B-086A-417B-9AA3-48A1C3C331CF" controlTypeID="Shape" x="41" y="163" w="294" h="44" zOrder="1">
      <color>4293980400</color>
      <borderVisible>False</borderVisible>
      <font family="Arial" displayName="Arial" postScript="" weightStyle="Regular" weight="400" isBold="False" isItalic="False"/>
      <textSize>14</textSize>
      <selectedIndex>-1</selectedIndex>
      <radius>4</radius>
    </control>
    <control controlID="81BA24C4-984C-4BAF-9B02-2F8AD71EBE11" controlTypeID="Shape" x="41" y="229" w="294" h="44" zOrder="2">
      <color>4278229503</color>
      <borderVisible>False</borderVisible>
      <links eventType="AtClick" animate="AmNone" animateAutoDelay="0" animateDuration="500">
        <link targetPageID="0F9BCBC5-C2C5-43F1-B3B5-42B584ADCA60" linkType="ltPageLink" isApplyIncludePage="False" title="verification+code">
          <area shape="0" alt="" ID="{F97CF051-4AA4-49FC-8B08-DF330D100803}" coords="(0,0,294,44)"/>
        </link>
      </links>
      <font family="Arial" displayName="Arial" postScript="" weightStyle="Regular" weight="400" isBold="False" isItalic="False"/>
      <text>%E4%B8%8B%E4%B8%80%E6%AD%A5</text>
      <textColor>4294967295</textColor>
      <textSize>14</textSize>
      <selectedIndex>-1</selectedIndex>
      <radius>4</radius>
    </control>
    <control controlID="F97BD961-AF4B-4439-9CFE-ED247BF7B0FD" controlTypeID="TextInput" x="48" y="166" w="281" h="39" zOrder="3">
      <color>16777215</color>
      <borderColor>6710886</borderColor>
      <font family="Arial" displayName="Arial" postScript="" weightStyle="Regular" weight="400" isBold="False" isItalic="False"/>
      <text>%E6%89%8B%E6%9C%BA%E5%8F%B7%E7%A0%81</text>
      <textColor>4288256409</textColor>
      <lineSpacing>0</lineSpacing>
      <selectedIndex>-1</selectedIndex>
    </control>
    <control controlID="EE4D722A-9A87-4829-B67C-9C0E03A0324E" controlTypeID="Icon" x="10" y="39" w="18" h="18" zOrder="4">
      <color>4291611852</color>
      <links eventType="AtClick" animate="AmPushRight" animateAutoDelay="0" animateDuration="500">
        <link targetPageID="5AEC84BB-31FE-4673-AF90-5E2FA86F4371" linkType="ltPageLink" isApplyIncludePage="False" title="Sign+In">
          <area shape="0" alt="" ID="{420E51E9-646B-4663-936F-017853A49C42}" coords="(0,0,18,18)"/>
        </link>
      </links>
      <icon>
        <ID/>
        <iconFontName>jdIonicons</iconFontName>
        <iconCode>62418</iconCode>
      </icon>
      <URL>91852B86E51F760894554368302F9800.svg</URL>
    </control>
  </controls>
  <param>
    <backgroundColor>4294967295</backgroundColor>
    <fontSize>0</fontSize>
    <fontFamily>Arial</fontFamily>
    <guideLines/>
  </param>
</mockup>