﻿<mockup version="5.1" minAllowVersion="5.1" ID="3347CF54-36BE-43C6-A57D-5AC0D5A8F2F8" platform="MtMobile" defaultW="375" defaultH="667" screenOrientation="MoPortrait" mobileScreenScale="1.77777779102325" measureW="375" measureH="667" clipArea="(0,0,0,0)">
  <controls controlCount="39">
    <control controlID="9E45982A-882D-4E1C-A53C-89E06CDC9D53" controlTypeID="Label" x="155" y="66" w="60" h="23" zOrder="0">
      <font family="Arial" displayName="Arial" postScript="" weightStyle="Regular" weight="400" isBold="False" isItalic="False"/>
      <text>%E6%9D%8E%E5%9D%A4%E8%BE%89</text>
      <textColor>4284900966</textColor>
      <textSize>18</textSize>
      <textVAlign>VaTop</textVAlign>
      <lineSpacing>0</lineSpacing>
      <useDefaultTextSize>False</useDefaultTextSize>
      <selectedIndex>-1</selectedIndex>
    </control>
    <control controlID="659925AD-9A1D-439B-A041-E1A501F95B51" controlTypeID="Icon" x="30" y="151" w="20" h="20" zOrder="1">
      <color>4294967295</color>
      <icon>
        <ID/>
        <iconFontName>jdIonicons</iconFontName>
        <iconCode>62001</iconCode>
      </icon>
      <URL>29F37D064345EFF092FDE43A909201C4.svg</URL>
    </control>
    <control controlID="257053AF-6DDF-4933-809E-1D8CA442B5FB" controlTypeID="TextArea" x="49" y="653" w="31" h="14" zOrder="2">
      <font family="Footlight+MT+Light" displayName="Footlight+MT+Light" postScript="" weightStyle="Regular" weight="300" isBold="False" isItalic="False"/>
      <text>%E7%AD%BE%E5%88%B0</text>
      <textSize>10</textSize>
      <useDefaultTextSize>False</useDefaultTextSize>
      <selectedIndex>-1</selectedIndex>
    </control>
    <control controlID="D47CDB81-116E-47FC-9056-C24B08930850" controlTypeID="Icon" x="49" y="629" w="24" h="24" zOrder="3">
      <color>4288256409</color>
      <icon>
        <ID/>
        <iconFontName>jdIonicons</iconFontName>
        <iconCode>62323</iconCode>
      </icon>
      <URL>784D3084F9C2AFEEB7C71AAC6A2AAEE8.svg</URL>
    </control>
    <control controlID="C019641F-1D66-4F4E-9335-83042CCF8C23" controlTypeID="Icon" x="311" y="629" w="24" h="24" zOrder="4">
      <color>4278229503</color>
      <icon>
        <ID/>
        <iconFontName>jdIonicons</iconFontName>
        <iconCode>62168</iconCode>
      </icon>
      <URL>DDCF3FD76903519FD712CE9D1716E411.svg</URL>
    </control>
    <control controlID="2ABF53A3-B499-48B2-B142-AC62645DF01A" controlTypeID="TextArea" x="318" y="653" w="18" h="14" zOrder="5">
      <font family="Footlight+MT+Light" displayName="Footlight+MT+Light" postScript="" weightStyle="Regular" weight="300" isBold="False" isItalic="False"/>
      <text>%E6%88%91</text>
      <textSize>10</textSize>
      <useDefaultTextSize>False</useDefaultTextSize>
      <selectedIndex>-1</selectedIndex>
    </control>
    <control controlID="1CA50F38-4872-4881-9A58-F83FCC4625BC" controlTypeID="TextArea" x="229" y="653" w="27" h="14" zOrder="6">
      <font family="Footlight+MT+Light" displayName="Footlight+MT+Light" postScript="" weightStyle="Regular" weight="300" isBold="False" isItalic="False"/>
      <text>%E6%B6%88%E6%81%AF</text>
      <textSize>10</textSize>
      <useDefaultTextSize>False</useDefaultTextSize>
      <selectedIndex>-1</selectedIndex>
    </control>
    <control controlID="7E2A1AF2-466F-48C6-8C5A-036FA6B07D95" controlTypeID="Icon" x="229" y="629" w="24" h="24" zOrder="7">
      <color>4288256409</color>
      <icon>
        <ID/>
        <iconFontName>jdIonicons</iconFontName>
        <iconCode>62164</iconCode>
      </icon>
      <URL>6435FAA4924A62D32BF5E6A70174E146.svg</URL>
    </control>
    <control controlID="F4AF1009-1A09-4C90-BB0D-7E29A6FA0E21" controlTypeID="Icon" x="142" y="629" w="24" h="24" zOrder="8">
      <color>4288256409</color>
      <icon>
        <ID/>
        <iconFontName>jdIonicons</iconFontName>
        <iconCode>62316</iconCode>
      </icon>
      <URL>99F3306433F452A04737307858F73970.svg</URL>
    </control>
    <control controlID="BAC8DDED-9255-4B16-B673-05C3D733F201" controlTypeID="TextArea" x="144" y="653" w="24" h="14" zOrder="9">
      <font family="Footlight+MT+Light" displayName="Footlight+MT+Light" postScript="" weightStyle="Regular" weight="300" isBold="False" isItalic="False"/>
      <text>%E8%AF%B7%E5%81%87</text>
      <textSize>10</textSize>
      <useDefaultTextSize>False</useDefaultTextSize>
      <selectedIndex>-1</selectedIndex>
    </control>
    <control controlID="5516CA0B-CFA1-471F-A5B7-DB1F21B96EDA" controlTypeID="Line" x="-2" y="624" w="377" h="1" zOrder="10">
      <font family="Arial" displayName="Arial" postScript="" weightStyle="Regular" weight="400" isBold="False" isItalic="False"/>
      <textSize>14</textSize>
      <lineSpacing>0</lineSpacing>
      <selectedIndex>-1</selectedIndex>
      <controlPoint>(189,0)</controlPoint>
      <startPoint>(1,0)</startPoint>
      <endPoint>(377,0)</endPoint>
    </control>
    <control controlID="EEB41F92-59A8-48AE-A2D1-84DDAB0107CD" controlTypeID="Shape" x="0" y="543" w="375" h="42" zOrder="11">
      <borderColor>4291611852</borderColor>
      <font family="Arial" displayName="Arial" postScript="" weightStyle="Regular" weight="400" isBold="False" isItalic="False"/>
      <textSize>14</textSize>
      <selectedIndex>-1</selectedIndex>
      <borderMode>[bmTop,bmBottom]</borderMode>
    </control>
    <control controlID="3D09CD2D-D67A-477E-8884-A65DAA08FAC9" controlTypeID="Label" x="21" y="552" w="34" h="20" zOrder="12">
      <font family="Arial" displayName="Arial" postScript="" weightStyle="Regular" weight="400" isBold="False" isItalic="False"/>
      <text>%E9%80%80%E5%87%BA</text>
      <textSize>15</textSize>
      <textVAlign>VaTop</textVAlign>
      <lineSpacing>0</lineSpacing>
      <useDefaultTextSize>False</useDefaultTextSize>
      <selectedIndex>-1</selectedIndex>
    </control>
    <control controlID="814EF12F-4A5F-483C-AB96-AA99A82FF578" controlTypeID="__group__" x="15" y="134" w="360" h="31" zOrder="13">
      <groupChildrenDescriptors>
        <control controlID="BE5F7581-7871-4FEF-940A-D654B7BA4B7A" controlTypeID="Label" x="5" y="0" w="64" h="20" zOrder="0">
          <font family="Arial" displayName="Arial" postScript="" weightStyle="Regular" weight="400" isBold="False" isItalic="False"/>
          <text>%E6%88%91%E7%9A%84%E8%B4%A6%E6%88%B7</text>
          <textSize>15</textSize>
          <textVAlign>VaTop</textVAlign>
          <lineSpacing>0</lineSpacing>
          <useDefaultTextSize>False</useDefaultTextSize>
          <selectedIndex>-1</selectedIndex>
        </control>
        <control controlID="A0C6674F-5C6A-4854-BF40-973781988D3D" controlTypeID="Line" x="0" y="29" w="360" h="2" zOrder="1">
          <color>4291611852</color>
          <font family="Arial" displayName="Arial" postScript="" weightStyle="Regular" weight="400" isBold="False" isItalic="False"/>
          <textSize>14</textSize>
          <lineSpacing>0</lineSpacing>
          <selectedIndex>-1</selectedIndex>
          <controlPoint>(180,1)</controlPoint>
          <startPoint>(1,1)</startPoint>
          <endPoint>(360,1)</endPoint>
        </control>
      </groupChildrenDescriptors>
    </control>
    <control controlID="4DE8F564-3375-4183-9AA3-C982D7900713" controlTypeID="__group__" x="15" y="193" w="360" h="31" zOrder="14">
      <groupChildrenDescriptors>
        <control controlID="436C9E24-6792-4327-9110-11F3B492F07E" controlTypeID="Label" x="5" y="0" w="65" h="20" zOrder="0">
          <font family="Arial" displayName="Arial" postScript="" weightStyle="Regular" weight="400" isBold="False" isItalic="False"/>
          <text>%E4%BF%AE%E6%94%B9%E5%AF%86%E7%A0%81</text>
          <textSize>15</textSize>
          <textVAlign>VaTop</textVAlign>
          <lineSpacing>0</lineSpacing>
          <useDefaultTextSize>False</useDefaultTextSize>
          <selectedIndex>-1</selectedIndex>
        </control>
        <control controlID="FC72B61D-5E4B-43DA-A057-CF06959EC0CE" controlTypeID="Line" x="0" y="29" w="360" h="2" zOrder="1">
          <color>4291611852</color>
          <font family="Arial" displayName="Arial" postScript="" weightStyle="Regular" weight="400" isBold="False" isItalic="False"/>
          <textSize>14</textSize>
          <lineSpacing>0</lineSpacing>
          <selectedIndex>-1</selectedIndex>
          <controlPoint>(180,1)</controlPoint>
          <startPoint>(1,1)</startPoint>
          <endPoint>(360,1)</endPoint>
        </control>
      </groupChildrenDescriptors>
    </control>
    <control controlID="6B5B7B21-662A-46EC-BBE2-0D6F0320DF8E" controlTypeID="__group__" x="15" y="255" w="360" h="31" zOrder="15">
      <groupChildrenDescriptors>
        <control controlID="6D17E956-81BE-44A9-A2C3-B65B14BD22F9" controlTypeID="Label" x="5" y="0" w="65" h="20" zOrder="0">
          <font family="Arial" displayName="Arial" postScript="" weightStyle="Regular" weight="400" isBold="False" isItalic="False"/>
          <text>%E5%AE%89%E5%85%A8%E4%B8%AD%E5%BF%83</text>
          <textSize>15</textSize>
          <textVAlign>VaTop</textVAlign>
          <lineSpacing>0</lineSpacing>
          <useDefaultTextSize>False</useDefaultTextSize>
          <selectedIndex>-1</selectedIndex>
        </control>
        <control controlID="E6C1B206-6A88-4C89-AA37-63A2A7C7A5BD" controlTypeID="Line" x="0" y="29" w="360" h="2" zOrder="1">
          <color>4291611852</color>
          <font family="Arial" displayName="Arial" postScript="" weightStyle="Regular" weight="400" isBold="False" isItalic="False"/>
          <textSize>14</textSize>
          <lineSpacing>0</lineSpacing>
          <selectedIndex>-1</selectedIndex>
          <controlPoint>(180,1)</controlPoint>
          <startPoint>(1,1)</startPoint>
          <endPoint>(360,1)</endPoint>
        </control>
      </groupChildrenDescriptors>
    </control>
    <control controlID="A37B42B8-3DF4-44B9-99D8-EA6C5A8AA089" controlTypeID="__group__" x="15" y="315" w="360" h="31" zOrder="16">
      <groupChildrenDescriptors>
        <control controlID="2C0EB133-D98D-4CD1-AFBF-5C62995BC3AC" controlTypeID="Label" x="5" y="0" w="65" h="20" zOrder="0">
          <font family="Arial" displayName="Arial" postScript="" weightStyle="Regular" weight="400" isBold="False" isItalic="False"/>
          <text>%E6%97%B7%E8%AF%BE%E9%A2%84%E8%AD%A6</text>
          <textSize>15</textSize>
          <textVAlign>VaTop</textVAlign>
          <lineSpacing>0</lineSpacing>
          <useDefaultTextSize>False</useDefaultTextSize>
          <selectedIndex>-1</selectedIndex>
        </control>
        <control controlID="B0C3D7DC-0A74-4E2A-A946-2459D8929D5D" controlTypeID="Line" x="0" y="29" w="360" h="2" zOrder="1">
          <color>4291611852</color>
          <font family="Arial" displayName="Arial" postScript="" weightStyle="Regular" weight="400" isBold="False" isItalic="False"/>
          <textSize>14</textSize>
          <lineSpacing>0</lineSpacing>
          <selectedIndex>-1</selectedIndex>
          <controlPoint>(180,1)</controlPoint>
          <startPoint>(1,1)</startPoint>
          <endPoint>(360,1)</endPoint>
        </control>
      </groupChildrenDescriptors>
    </control>
    <control controlID="F7918D43-5634-427F-8426-3CC130E0B1CE" controlTypeID="Icon" x="343" y="315" w="22" h="22" zOrder="17">
      <color>4288256409</color>
      <icon>
        <ID/>
        <iconFontName>jdIonicons</iconFontName>
        <iconCode>62419</iconCode>
      </icon>
      <URL>2E967326C22523F5F084001B9F4E5BC7.svg</URL>
    </control>
    <control controlID="94CDBC38-5275-46A6-92F5-46C48168BEFE" controlTypeID="Icon" x="343" y="250" w="22" h="22" zOrder="18">
      <color>4288256409</color>
      <icon>
        <ID/>
        <iconFontName>jdIonicons</iconFontName>
        <iconCode>62419</iconCode>
      </icon>
      <URL>2E967326C22523F5F084001B9F4E5BC7.svg</URL>
    </control>
    <control controlID="E16F8507-D2F4-4F23-9E0D-EBADE28F4A87" controlTypeID="Icon" x="343" y="136" w="22" h="22" zOrder="19">
      <color>4288256409</color>
      <icon>
        <ID/>
        <iconFontName>jdIonicons</iconFontName>
        <iconCode>62419</iconCode>
      </icon>
      <URL>2E967326C22523F5F084001B9F4E5BC7.svg</URL>
    </control>
    <control controlID="E2DCCB6D-8B2D-49FD-A32A-D4C5DAD2144E" controlTypeID="Icon" x="343" y="551" w="22" h="22" zOrder="20">
      <color>4288256409</color>
      <icon>
        <ID/>
        <iconFontName>jdIonicons</iconFontName>
        <iconCode>62419</iconCode>
      </icon>
      <URL>2E967326C22523F5F084001B9F4E5BC7.svg</URL>
    </control>
    <control controlID="74DA9765-B9B3-42F2-9DA6-FD0336EFE206" controlTypeID="Icon" x="343" y="370" w="22" h="22" zOrder="21">
      <color>4288256409</color>
      <icon>
        <ID/>
        <iconFontName>jdIonicons</iconFontName>
        <iconCode>62419</iconCode>
      </icon>
      <URL>2E967326C22523F5F084001B9F4E5BC7.svg</URL>
    </control>
    <control controlID="7C46EE10-D49A-4919-A85D-59A041D02DF4" controlTypeID="__group__" x="15" y="370" w="360" h="31" zOrder="22">
      <groupChildrenDescriptors>
        <control controlID="81573EAC-0D07-4835-B7B5-1F14963CB90E" controlTypeID="Label" x="5" y="0" w="65" h="20" zOrder="0">
          <font family="Arial" displayName="Arial" postScript="" weightStyle="Regular" weight="400" isBold="False" isItalic="False"/>
          <text>%E5%B9%B3%E6%97%A5%E8%A1%A8%E7%8E%B0</text>
          <textSize>15</textSize>
          <textVAlign>VaTop</textVAlign>
          <lineSpacing>0</lineSpacing>
          <useDefaultTextSize>False</useDefaultTextSize>
          <selectedIndex>-1</selectedIndex>
        </control>
        <control controlID="6D794F02-07FE-4463-B17F-2BEEA0131B72" controlTypeID="Line" x="0" y="29" w="360" h="2" zOrder="1">
          <color>4291611852</color>
          <font family="Arial" displayName="Arial" postScript="" weightStyle="Regular" weight="400" isBold="False" isItalic="False"/>
          <textSize>14</textSize>
          <lineSpacing>0</lineSpacing>
          <selectedIndex>-1</selectedIndex>
          <controlPoint>(180,1)</controlPoint>
          <startPoint>(1,1)</startPoint>
          <endPoint>(360,1)</endPoint>
        </control>
      </groupChildrenDescriptors>
    </control>
    <control controlID="F1621163-A718-49AC-A1DE-85E3DED940E0" controlTypeID="__group__" x="15" y="431" w="360" h="31" zOrder="23">
      <groupChildrenDescriptors>
        <control controlID="AB77FCFA-CB6C-49F7-B473-E1D692E63F52" controlTypeID="Label" x="5" y="0" w="65" h="20" zOrder="0">
          <font family="Arial" displayName="Arial" postScript="" weightStyle="Regular" weight="400" isBold="False" isItalic="False"/>
          <text>%E8%80%83%E5%8B%A4%E6%B1%87%E6%80%BB</text>
          <textSize>15</textSize>
          <textVAlign>VaTop</textVAlign>
          <lineSpacing>0</lineSpacing>
          <useDefaultTextSize>False</useDefaultTextSize>
          <selectedIndex>-1</selectedIndex>
        </control>
        <control controlID="1E5448C4-B5B3-4E17-A9F4-733B4E9E9C72" controlTypeID="Line" x="0" y="29" w="360" h="2" zOrder="1">
          <color>4291611852</color>
          <font family="Arial" displayName="Arial" postScript="" weightStyle="Regular" weight="400" isBold="False" isItalic="False"/>
          <textSize>14</textSize>
          <lineSpacing>0</lineSpacing>
          <selectedIndex>-1</selectedIndex>
          <controlPoint>(180,1)</controlPoint>
          <startPoint>(1,1)</startPoint>
          <endPoint>(360,1)</endPoint>
        </control>
      </groupChildrenDescriptors>
    </control>
    <control controlID="839C7C89-704F-4EC9-BEF0-9C3772DED117" controlTypeID="Icon" x="343" y="431" w="22" h="22" zOrder="24">
      <color>4288256409</color>
      <icon>
        <ID/>
        <iconFontName>jdIonicons</iconFontName>
        <iconCode>62419</iconCode>
      </icon>
      <URL>2E967326C22523F5F084001B9F4E5BC7.svg</URL>
    </control>
    <control controlID="94387162-9818-4068-B1C2-9BFE2C9414BB" controlTypeID="Icon" x="343" y="193" w="22" h="22" zOrder="25">
      <color>4288256409</color>
      <icon>
        <ID/>
        <iconFontName>jdIonicons</iconFontName>
        <iconCode>62419</iconCode>
      </icon>
      <URL>2E967326C22523F5F084001B9F4E5BC7.svg</URL>
    </control>
    <control controlID="7D85C031-E99C-4443-86C0-50494E24885C" controlTypeID="StatusBar(IOS)" x="0" y="0" w="375" h="20" zOrder="26"/>
  </controls>
  <param>
    <backgroundColor>4294967295</backgroundColor>
    <fontSize>0</fontSize>
    <fontFamily>Arial</fontFamily>
    <guideLines/>
  </param>
</mockup>