﻿<mockup version="5.1" platform="MtMobile" defaultW="375" defaultH="667" from="FmLocal" screenOrientation="MoPortrait" mobileScreenScale="1.77777779102325" ID="41CCBC77-11F0-44EC-BB47-3C7D1E4B7E24" measureW="375" measureH="667" clipArea="(0,0,0,0)" minAllowVersion="5.1">
  <controls controlCount="5">
    <control controlID="EFD8A1AD-33DE-4ACA-B299-B520B9B909FE" controlTypeID="Image" x="0" y="0" w="375" h="667" zOrder="0">
      <URL>C5C87C1937DCAF1D26A64B93B929B1DC.jpg</URL>
      <showText>False</showText>
    </control>
    <control controlID="1E8D05A3-AF62-4F57-9062-CB3D48AE3E42" controlTypeID="StatusBar(IOS)" x="0" y="0" w="375" h="20" zOrder="1">
      <color>10066329</color>
      <IsAutoTextColor>False</IsAutoTextColor>
    </control>
    <control controlID="66C5D761-7A29-4E9C-B6C0-570A2D313614" controlTypeID="Label" x="109" y="210" w="174" h="51" zOrder="2">
      <font family="Arial" displayName="Arial" postScript="" weightStyle="Regular" weight="400" isBold="False" isItalic="False"/>
      <text>%E8%80%83%E5%8B%A4%E7%B3%BB%E7%BB%9F</text>
      <textColor>4294967295</textColor>
      <textSize>40</textSize>
      <textVAlign>VaTop</textVAlign>
      <lineSpacing>0</lineSpacing>
      <useDefaultTextSize>False</useDefaultTextSize>
      <selectedIndex>-1</selectedIndex>
    </control>
    <control controlID="DDC87759-DF40-464C-BA87-4BD6D6D27CF8" controlTypeID="Button" x="192" y="578" w="163" h="48" zOrder="3">
      <color>563714457</color>
      <borderColor>4278190080</borderColor>
      <links eventType="AtClick" animate="AmNone" animateAutoDelay="0" animateDuration="500">
        <link targetPageID="9059FBD9-4C06-4F6F-93BE-13DFF1C61636" linkType="ltPageLink" isApplyIncludePage="False" title="sign+up">
          <area shape="0" alt="" ID="{7DE6BAB6-E33B-437F-98DC-36CB3FC040F5}" coords="(0,0,163,48)"/>
        </link>
      </links>
      <font family="Arial" displayName="Arial" postScript="" weightStyle="Regular" weight="400" isBold="False" isItalic="False"/>
      <text>%E6%B3%A8%E5%86%8C</text>
      <textColor>4294967295</textColor>
      <textSize>16</textSize>
      <lineSpacing>0</lineSpacing>
      <useDefaultTextSize>False</useDefaultTextSize>
      <selectedIndex>-1</selectedIndex>
      <radius>4</radius>
      <isAutoTextColor>True</isAutoTextColor>
    </control>
    <control controlID="97139005-4B3F-487B-91B9-402424672FC6" controlTypeID="Button" x="19" y="578" w="163" h="48" zOrder="4">
      <color>563714457</color>
      <borderColor>4278190080</borderColor>
      <links eventType="AtClick" animate="AmNone" animateAutoDelay="0" animateDuration="500">
        <link targetPageID="FB2B91B7-7BB0-4464-8050-24A94B144EBA" linkType="ltPageLink" isApplyIncludePage="False" title="role">
          <area shape="0" alt="" ID="{7DE6BAB6-E33B-437F-98DC-36CB3FC040F5}" coords="(0,0,163,48)"/>
        </link>
      </links>
      <font family="Arial" displayName="Arial" postScript="" weightStyle="Regular" weight="400" isBold="False" isItalic="False"/>
      <text>%E7%99%BB%E5%BD%95</text>
      <textColor>4294967295</textColor>
      <textSize>16</textSize>
      <lineSpacing>0</lineSpacing>
      <useDefaultTextSize>False</useDefaultTextSize>
      <selectedIndex>-1</selectedIndex>
      <radius>4</radius>
      <isAutoTextColor>True</isAutoTextColor>
    </control>
  </controls>
  <param>
    <backgroundColor>4278190335</backgroundColor>
    <fontFamily>Arial</fontFamily>
    <fontSize>14</fontSize>
    <guideLines/>
  </param>
</mockup>