﻿<mockup version="5.1" platform="MtMobile" defaultW="375" defaultH="667" from="FmLocal" screenOrientation="MoPortrait" mobileScreenScale="1.77777779102325" ID="5AEC84BB-31FE-4673-AF90-5E2FA86F4371" measureW="375" measureH="667" minAllowVersion="5.1" clipArea="(0,0,0,0)">
  <controls controlCount="10">
    <control controlID="82DA2BD0-0B6A-4649-88AB-7406E38B6053" controlTypeID="StatusBar(IOS)" x="0" y="0" w="375" h="20" zOrder="0">
      <color>4294967295</color>
    </control>
    <control controlID="4EFA4DDF-54EB-4365-A001-E82BC7187B0B" controlTypeID="Icon" x="10" y="37" w="14" h="14" zOrder="1">
      <color>4288256409</color>
      <links eventType="AtClick" animate="AmNone" animateAutoDelay="0" animateDuration="500">
        <link targetPageID="41CCBC77-11F0-44EC-BB47-3C7D1E4B7E24" linkType="ltPageLink" isApplyIncludePage="False" title="Start">
          <area shape="0" alt="" ID="{49C75C0C-AD51-4E48-ACF8-38D13A60F611}" coords="(0,0,14,14)"/>
        </link>
      </links>
      <icon>
        <ID/>
        <iconFontName>jdIonicons</iconFontName>
        <iconCode>62468</iconCode>
      </icon>
      <URL>D461B89CFC537DBAD724FAD78224FD94.svg</URL>
    </control>
    <control controlID="ED667A78-B536-45CB-9642-A72B06F7D7E6" controlTypeID="Shape" x="41" y="161" w="294" h="44" zOrder="2">
      <color>4293980400</color>
      <borderColor>4293980400</borderColor>
      <borderVisible>False</borderVisible>
      <font family="Arial" displayName="Arial" postScript="" weightStyle="Regular" weight="400" isBold="False" isItalic="False"/>
      <textColor>4293980400</textColor>
      <textSize>14</textSize>
      <selectedIndex>-1</selectedIndex>
      <radius>4</radius>
    </control>
    <control controlID="18ED385F-F4A2-4660-B76A-CF2895F05653" controlTypeID="Shape" x="41" y="211" w="294" h="44" zOrder="3">
      <color>4293980400</color>
      <borderVisible>False</borderVisible>
      <font family="Arial" displayName="Arial" postScript="" weightStyle="Regular" weight="400" isBold="False" isItalic="False"/>
      <textSize>14</textSize>
      <selectedIndex>-1</selectedIndex>
      <radius>4</radius>
    </control>
    <control controlID="5F58F567-4560-4A36-A5EF-FADB2165640B" controlTypeID="Shape" x="41" y="277" w="294" h="44" zOrder="4">
      <color>4278229503</color>
      <borderVisible>False</borderVisible>
      <links eventType="AtClick" animate="AmNone" animateAutoDelay="0" animateDuration="500">
        <link targetPageID="0F14120A-622B-4236-B671-68AF6BB11CA9" linkType="ltPageLink" isApplyIncludePage="False" title="Home">
          <area shape="0" alt="" ID="{F97CF051-4AA4-49FC-8B08-DF330D100803}" coords="(0,0,294,44)"/>
        </link>
      </links>
      <font family="Arial" displayName="Arial" postScript="" weightStyle="Regular" weight="400" isBold="False" isItalic="False"/>
      <text>%E7%99%BB%E5%BD%95</text>
      <textColor>4294967295</textColor>
      <textSize>14</textSize>
      <selectedIndex>-1</selectedIndex>
      <radius>4</radius>
    </control>
    <control controlID="CAF110D8-0BCE-4B33-8F7A-7204ACD676DB" controlTypeID="Shape" x="41" y="339" w="294" h="44" zOrder="5">
      <color>3355443</color>
      <borderColor>4278229503</borderColor>
      <links eventType="AtClick" animate="AmNone" animateAutoDelay="0" animateDuration="500">
        <link targetPageID="2CE04262-7504-498F-928C-C924B673D847" linkType="ltPageLink" isApplyIncludePage="False" title="forget+password">
          <area shape="0" alt="" ID="{F97CF051-4AA4-49FC-8B08-DF330D100803}" coords="(0,0,294,44)"/>
        </link>
      </links>
      <font family="Arial" displayName="Arial" postScript="" weightStyle="Regular" weight="400" isBold="False" isItalic="False"/>
      <text>%E5%BF%98%E8%AE%B0%E5%AF%86%E7%A0%81%EF%BC%9F</text>
      <textColor>4278229503</textColor>
      <textSize>14</textSize>
      <selectedIndex>-1</selectedIndex>
      <radius>4</radius>
    </control>
    <control controlID="380D1A2E-5380-49E6-A01D-2D8FCCD3B2FF" controlTypeID="TextInput" x="48" y="163" w="281" h="39" zOrder="6">
      <color>16777215</color>
      <borderColor>6710886</borderColor>
      <font family="Arial" displayName="Arial" postScript="" weightStyle="Regular" weight="400" isBold="False" isItalic="False"/>
      <text>%E7%94%A8%E6%88%B7%E5%90%8D</text>
      <textColor>4288256409</textColor>
      <lineSpacing>0</lineSpacing>
      <selectedIndex>-1</selectedIndex>
    </control>
    <control controlID="0CAB2199-780D-4998-A8CE-86F6D4CD953F" controlTypeID="TextInput" x="48" y="214" w="281" h="39" zOrder="7">
      <color>16777215</color>
      <borderColor>6710886</borderColor>
      <font family="Arial" displayName="Arial" postScript="" weightStyle="Regular" weight="400" isBold="False" isItalic="False"/>
      <text>%E5%AF%86%E7%A0%81</text>
      <textColor>4288256409</textColor>
      <lineSpacing>0</lineSpacing>
      <selectedIndex>-1</selectedIndex>
    </control>
    <control controlID="703722BD-540D-4480-BBE4-6307AAF15B15" controlTypeID="Label" x="136" y="636" w="109" h="15" zOrder="8">
      <font family="Arial" displayName="Arial" postScript="" weightStyle="Regular" weight="400" isBold="False" isItalic="False"/>
      <text>Forgot+password%3F</text>
      <textColor>4288256409</textColor>
      <textSize>13</textSize>
      <textVAlign>VaTop</textVAlign>
      <lineSpacing>0</lineSpacing>
      <useDefaultTextSize>False</useDefaultTextSize>
      <selectedIndex>-1</selectedIndex>
    </control>
    <control controlID="5A775161-6BE2-4076-9756-58204B99CC62" controlTypeID="Image" x="141" y="73" w="80" h="80" zOrder="9">
      <clipShapeType>SbEllipse</clipShapeType>
      <URL>7AE6AC8C486CAACA2E75E99CC9FCBC9A.jpg</URL>
      <fitMode>fmCenter</fitMode>
    </control>
  </controls>
  <param>
    <backgroundColor>4294967295</backgroundColor>
    <fontFamily>Arial</fontFamily>
    <guideLines/>
    <fontSize>14</fontSize>
  </param>
</mockup>