﻿<mockup version="5.1" minAllowVersion="5.1" ID="66B577CB-EC6B-418C-81BE-C7D1C3062A1E" platform="MtMobile" defaultW="375" defaultH="667" screenOrientation="MoPortrait" mobileScreenScale="1.77777779102325" measureW="375" measureH="667" clipArea="(0,0,0,0)">
  <controls controlCount="26">
    <control controlID="865BDF4D-0DE5-457D-A595-AD94F7F15A8C" controlTypeID="TextArea" x="49" y="653" w="31" h="14" zOrder="0">
      <font family="Footlight+MT+Light" displayName="Footlight+MT+Light" postScript="" weightStyle="Regular" weight="300" isBold="False" isItalic="False"/>
      <text>%E7%AD%BE%E5%88%B0</text>
      <textSize>10</textSize>
      <useDefaultTextSize>False</useDefaultTextSize>
      <selectedIndex>-1</selectedIndex>
    </control>
    <control controlID="D9AD13E7-22BF-4892-9914-E6F31CA9F56C" controlTypeID="Icon" x="49" y="629" w="24" h="24" zOrder="1">
      <color>4288256409</color>
      <icon>
        <ID/>
        <iconFontName>jdIonicons</iconFontName>
        <iconCode>62323</iconCode>
      </icon>
      <URL>784D3084F9C2AFEEB7C71AAC6A2AAEE8.svg</URL>
    </control>
    <control controlID="F5438E99-57E0-4FAD-9D2F-8B9A3BB42A87" controlTypeID="Icon" x="311" y="629" w="24" h="24" zOrder="2">
      <color>4288256409</color>
      <icon>
        <ID/>
        <iconFontName>jdIonicons</iconFontName>
        <iconCode>62168</iconCode>
      </icon>
      <URL>DDCF3FD76903519FD712CE9D1716E411.svg</URL>
    </control>
    <control controlID="B01B1AFC-E9C3-4CD9-B45B-987A4FFDC290" controlTypeID="TextArea" x="318" y="653" w="18" h="14" zOrder="3">
      <font family="Footlight+MT+Light" displayName="Footlight+MT+Light" postScript="" weightStyle="Regular" weight="300" isBold="False" isItalic="False"/>
      <text>%E6%88%91</text>
      <textSize>10</textSize>
      <useDefaultTextSize>False</useDefaultTextSize>
      <selectedIndex>-1</selectedIndex>
    </control>
    <control controlID="F7B439CE-0CCB-44C5-9630-9C030F6EAA1B" controlTypeID="TextArea" x="229" y="653" w="27" h="14" zOrder="4">
      <font family="Footlight+MT+Light" displayName="Footlight+MT+Light" postScript="" weightStyle="Regular" weight="300" isBold="False" isItalic="False"/>
      <text>%E6%B6%88%E6%81%AF</text>
      <textSize>10</textSize>
      <useDefaultTextSize>False</useDefaultTextSize>
      <selectedIndex>-1</selectedIndex>
    </control>
    <control controlID="8024F9BF-D475-460D-A8BC-E8DD1D340CFF" controlTypeID="Icon" x="229" y="629" w="24" h="24" zOrder="5">
      <color>4288256409</color>
      <icon>
        <ID/>
        <iconFontName>jdIonicons</iconFontName>
        <iconCode>62164</iconCode>
      </icon>
      <URL>6435FAA4924A62D32BF5E6A70174E146.svg</URL>
    </control>
    <control controlID="A4078DC6-9B27-4E60-A510-BB46903AA96C" controlTypeID="Icon" x="142" y="629" w="24" h="24" zOrder="6">
      <color>4278229503</color>
      <icon>
        <ID/>
        <iconFontName>jdIonicons</iconFontName>
        <iconCode>62316</iconCode>
      </icon>
      <URL>99F3306433F452A04737307858F73970.svg</URL>
    </control>
    <control controlID="65834306-D7B3-4D98-A325-0720A793E885" controlTypeID="TextArea" x="144" y="653" w="24" h="14" zOrder="7">
      <font family="Footlight+MT+Light" displayName="Footlight+MT+Light" postScript="" weightStyle="Regular" weight="300" isBold="False" isItalic="False"/>
      <text>%E8%AF%B7%E5%81%87</text>
      <textSize>10</textSize>
      <useDefaultTextSize>False</useDefaultTextSize>
      <selectedIndex>-1</selectedIndex>
    </control>
    <control controlID="F7A15B1F-9B1A-4ABF-A20A-A6B888DA3271" controlTypeID="Line" x="-2" y="624" w="377" h="1" zOrder="8">
      <font family="Arial" displayName="Arial" postScript="" weightStyle="Regular" weight="400" isBold="False" isItalic="False"/>
      <textSize>14</textSize>
      <lineSpacing>0</lineSpacing>
      <selectedIndex>-1</selectedIndex>
      <controlPoint>(189,0)</controlPoint>
      <startPoint>(1,0)</startPoint>
      <endPoint>(377,0)</endPoint>
    </control>
    <control controlID="1C22E566-65D0-454D-8768-5DF003398E42" controlTypeID="Label" x="134" y="59" w="78" h="23" zOrder="9">
      <font family="Arial" displayName="Arial" postScript="" weightStyle="Regular" weight="400" isBold="False" isItalic="False"/>
      <text>%E8%AF%B7%E5%81%87%E7%94%B3%E8%AF%B7</text>
      <textSize>18</textSize>
      <textVAlign>VaTop</textVAlign>
      <lineSpacing>0</lineSpacing>
      <useDefaultTextSize>False</useDefaultTextSize>
      <selectedIndex>-1</selectedIndex>
    </control>
    <control controlID="95A645B7-DAC0-4ADE-8076-8F76492D874D" controlTypeID="Shape" x="41" y="147" w="294" h="44" zOrder="10">
      <color>4293980400</color>
      <borderColor>4293980400</borderColor>
      <borderVisible>False</borderVisible>
      <font family="Arial" displayName="Arial" postScript="" weightStyle="Regular" weight="400" isBold="False" isItalic="False"/>
      <textSize>14</textSize>
      <selectedIndex>-1</selectedIndex>
      <radius>4</radius>
    </control>
    <control controlID="A64F5976-5AC3-40BB-91F7-C6A23A4442F9" controlTypeID="Shape" x="39" y="247" w="294" h="167" zOrder="11">
      <color>4293980400</color>
      <borderVisible>False</borderVisible>
      <font family="Arial" displayName="Arial" postScript="" weightStyle="Regular" weight="400" isBold="False" isItalic="False"/>
      <textSize>14</textSize>
      <selectedIndex>-1</selectedIndex>
      <radius>4</radius>
    </control>
    <control controlID="86B77B73-C9A6-4EB1-A3E2-598ED729A9AF" controlTypeID="Shape" x="41" y="522" w="294" h="44" zOrder="12">
      <color>4278229503</color>
      <borderVisible>False</borderVisible>
      <links eventType="AtClick" animate="AmNone" animateAutoDelay="0" animateDuration="500">
        <link targetPageID="108C00AC-F500-494F-9DE6-7CBEB16DCB17" linkType="ltPageLink" isApplyIncludePage="False" title="success">
          <area shape="0" alt="" ID="{F97CF051-4AA4-49FC-8B08-DF330D100803}" coords="(0,0,294,44)"/>
        </link>
      </links>
      <font family="Arial" displayName="Arial" postScript="" weightStyle="Regular" weight="400" isBold="False" isItalic="False"/>
      <text>%E6%8F%90%E4%BA%A4%E7%94%B3%E8%AF%B7</text>
      <textColor>4294967295</textColor>
      <textSize>14</textSize>
      <selectedIndex>-1</selectedIndex>
      <radius>4</radius>
    </control>
    <control controlID="899A9D63-287A-439B-B84A-FCB830FD586A" controlTypeID="__group__" x="41" y="93" w="294" h="44" zOrder="13">
      <groupChildrenDescriptors>
        <control controlID="FFEF9F0C-6561-48B1-B374-A322DE55A359" controlTypeID="Shape" x="0" y="0" w="294" h="44" zOrder="0">
          <color>4293980400</color>
          <borderVisible>False</borderVisible>
          <font family="Arial" displayName="Arial" postScript="" weightStyle="Regular" weight="400" isBold="False" isItalic="False"/>
          <textSize>14</textSize>
          <selectedIndex>-1</selectedIndex>
          <radius>4</radius>
        </control>
        <control controlID="1867FDEE-7EC7-41D6-BFCB-87392E34A22E" controlTypeID="TextInput" x="7" y="2" w="281" h="39" zOrder="1">
          <color>16777215</color>
          <borderColor>6710886</borderColor>
          <font family="Arial" displayName="Arial" postScript="" weightStyle="Regular" weight="400" isBold="False" isItalic="False"/>
          <text>%E5%A7%93%E5%90%8D</text>
          <textColor>4288256409</textColor>
          <lineSpacing>0</lineSpacing>
          <selectedIndex>-1</selectedIndex>
        </control>
      </groupChildrenDescriptors>
    </control>
    <control controlID="AFCE3FCF-4960-4DDC-8A29-1803B28F6C5F" controlTypeID="TextInput" x="48" y="149" w="281" h="39" zOrder="14">
      <color>16777215</color>
      <borderColor>6710886</borderColor>
      <font family="Arial" displayName="Arial" postScript="" weightStyle="Regular" weight="400" isBold="False" isItalic="False"/>
      <text>%E5%AD%A6%E5%8F%B7</text>
      <textColor>4288256409</textColor>
      <lineSpacing>0</lineSpacing>
      <selectedIndex>-1</selectedIndex>
    </control>
    <control controlID="ACC0674E-10E2-46CD-8163-246FC9F5F3A6" controlTypeID="TextInput" x="39" y="247" w="281" h="39" zOrder="15">
      <color>16777215</color>
      <borderColor>6710886</borderColor>
      <font family="Arial" displayName="Arial" postScript="" weightStyle="Regular" weight="400" isBold="False" isItalic="False"/>
      <text>%E8%AF%B7%E5%81%87%E4%BA%8B%E7%94%B1</text>
      <textColor>4288256409</textColor>
      <lineSpacing>0</lineSpacing>
      <selectedIndex>-1</selectedIndex>
    </control>
    <control controlID="99C1887E-BE81-4D12-A84B-B5987D55A4F2" controlTypeID="CompositeComboBox" x="41" y="198" w="292" h="39" zOrder="16">
      <groupChildrenDescriptors>
        <control controlID="4C01D0A7-E69B-4542-BCB9-A58D00D9FCF0" controlTypeID="TextInput" x="0" y="0" w="269" h="39" zOrder="0">
          <locked>True</locked>
          <canMove>False</canMove>
          <alias>input</alias>
          <font family="%E5%BE%AE%E8%BD%AF%E9%9B%85%E9%BB%91" displayName="%E5%BE%AE%E8%BD%AF%E9%9B%85%E9%BB%91" postScript="" weightStyle="Regular" weight="400" isBold="False" isItalic="False"/>
          <text>%E3%80%8A%E8%AE%A1%E7%AE%97%E6%9C%BA%E7%BD%91%E7%BB%9C%E3%80%8B</text>
          <lineSpacing>0</lineSpacing>
          <selectedIndex>-1</selectedIndex>
        </control>
        <control controlID="055DDBB9-9E72-4F72-9475-746C087BAB61" controlTypeID="Button" x="268" y="0" w="24" h="39" zOrder="1">
          <locked>True</locked>
          <canMove>False</canMove>
          <alias>button</alias>
          <font family="Arial" displayName="Arial" postScript="" weightStyle="Regular" weight="400" isBold="False" isItalic="False"/>
          <lineSpacing>0</lineSpacing>
          <selectedIndex>-1</selectedIndex>
          <radius>0</radius>
        </control>
        <control controlID="D8E66B27-C222-4D61-9040-EA1F23DEC4D3" controlTypeID="List" x="0" y="39" w="292" h="197" zOrder="2">
          <isShow>False</isShow>
          <canMove>False</canMove>
          <alias>dropDown</alias>
          <font family="%E5%BE%AE%E8%BD%AF%E9%9B%85%E9%BB%91" displayName="%E5%BE%AE%E8%BD%AF%E9%9B%85%E9%BB%91" postScript="" weightStyle="Regular" weight="400" isBold="False" isItalic="False"/>
          <text>%E3%80%8A%E8%AE%A1%E7%AE%97%E6%9C%BA%E7%BD%91%E7%BB%9C%E3%80%8B%0D%0A%E3%80%8A%E8%AE%A1%E7%AE%97%E5%B0%B1%E7%BB%84%E6%88%90%E5%8E%9F%E7%90%86%E3%80%8B%0D%0A%E3%80%8A%E6%95%B0%E6%8D%AE%E7%BB%93%E6%9E%84%E3%80%8B%0D%0A%E3%80%8A%E6%93%8D%E4%BD%9C%E7%B3%BB%E7%BB%9F%E3%80%8B%0D%0A%E3%80%8A%E5%A4%A7%E6%95%B0%E6%8D%AE%E5%AD%98%E5%82%A8%E3%80%8B</text>
          <textSize>14</textSize>
          <lineSpacing>0</lineSpacing>
          <itemHeight>39</itemHeight>
          <interlaceColor>4294967295</interlaceColor>
        </control>
      </groupChildrenDescriptors>
      <font family="%E5%BE%AE%E8%BD%AF%E9%9B%85%E9%BB%91"/>
      <textSize>14</textSize>
    </control>
    <control controlID="B0EDCD52-F0C4-4282-846B-F1791C05195C" controlTypeID="__group__" x="39" y="429" w="294" h="44" zOrder="17">
      <groupChildrenDescriptors>
        <control controlID="8108A633-3DE3-49DD-85BE-9B2E63EEFCEA" controlTypeID="Shape" x="0" y="0" w="294" h="44" zOrder="0">
          <color>4293980400</color>
          <borderVisible>False</borderVisible>
          <font family="Arial" displayName="Arial" postScript="" weightStyle="Regular" weight="400" isBold="False" isItalic="False"/>
          <textSize>14</textSize>
          <selectedIndex>-1</selectedIndex>
          <radius>4</radius>
        </control>
        <control controlID="E8B3C15D-F02F-4342-B038-672CE82556B3" controlTypeID="TextInput" x="7" y="2" w="281" h="39" zOrder="1">
          <color>16777215</color>
          <borderColor>6710886</borderColor>
          <font family="Arial" displayName="Arial" postScript="" weightStyle="Regular" weight="400" isBold="False" isItalic="False"/>
          <text>%E8%AF%B7%E5%81%87%E6%97%B6%E9%97%B4</text>
          <textColor>4288256409</textColor>
          <lineSpacing>0</lineSpacing>
          <selectedIndex>-1</selectedIndex>
        </control>
      </groupChildrenDescriptors>
    </control>
    <control controlID="183CA40B-25C8-486C-9741-905649367DDF" controlTypeID="StatusBar(IOS)" x="0" y="0" w="375" h="20" zOrder="18"/>
  </controls>
  <param>
    <backgroundColor>4294967295</backgroundColor>
    <fontSize>0</fontSize>
    <fontFamily>Arial</fontFamily>
    <guideLines/>
  </param>
</mockup>