﻿<mockup version="5.1" platform="MtMobile" defaultW="375" defaultH="667" from="FmLocal" screenOrientation="MoPortrait" mobileScreenScale="1.77777779102325" ID="9059FBD9-4C06-4F6F-93BE-13DFF1C61636" measureW="375" measureH="667" minAllowVersion="5.1" clipArea="(0,0,0,0)">
  <controls controlCount="21">
    <control controlID="AF7A0207-DC15-4534-99C5-6BFC0CB79AC8" controlTypeID="StatusBar(IOS)" x="0" y="0" w="375" h="20" zOrder="0">
      <color>4294967295</color>
    </control>
    <control controlID="DE6393A3-E774-422D-A928-6A9DBED6D1FE" controlTypeID="Icon" x="10" y="37" w="23" h="23" zOrder="1">
      <color>4288256409</color>
      <links eventType="AtClick" animate="AmNone" animateAutoDelay="0" animateDuration="500">
        <link targetPageID="41CCBC77-11F0-44EC-BB47-3C7D1E4B7E24" linkType="ltPageLink" isApplyIncludePage="False" title="Start">
          <area shape="0" alt="" ID="{49C75C0C-AD51-4E48-ACF8-38D13A60F611}" coords="(0,0,23,23)"/>
        </link>
      </links>
      <icon>
        <ID/>
        <iconFontName>jdIonicons</iconFontName>
        <iconCode>62468</iconCode>
      </icon>
      <URL>D461B89CFC537DBAD724FAD78224FD94.svg</URL>
    </control>
    <control controlID="92B9745E-9422-41D5-8EDC-7EFEC663708B" controlTypeID="Label" x="134" y="59" w="96" h="23" zOrder="2">
      <font family="Arial" displayName="Arial" postScript="" weightStyle="Regular" weight="400" isBold="False" isItalic="False"/>
      <text>%E6%96%B0%E7%94%A8%E6%88%B7%E6%B3%A8%E5%86%8C</text>
      <textSize>18</textSize>
      <textVAlign>VaTop</textVAlign>
      <lineSpacing>0</lineSpacing>
      <useDefaultTextSize>False</useDefaultTextSize>
      <selectedIndex>-1</selectedIndex>
    </control>
    <control controlID="81ECE535-599A-44BD-AB00-CF835EDCE41C" controlTypeID="Shape" x="41" y="169" w="294" h="44" zOrder="3">
      <color>4293980400</color>
      <borderColor>4293980400</borderColor>
      <borderVisible>False</borderVisible>
      <font family="Arial" displayName="Arial" postScript="" weightStyle="Regular" weight="400" isBold="False" isItalic="False"/>
      <textSize>14</textSize>
      <selectedIndex>-1</selectedIndex>
      <radius>4</radius>
    </control>
    <control controlID="3B7ED057-C3E3-40E5-8D76-CB738D95C978" controlTypeID="Shape" x="41" y="279" w="292" h="41" zOrder="4">
      <color>4293980400</color>
      <borderVisible>False</borderVisible>
      <font family="Arial" displayName="Arial" postScript="" weightStyle="Regular" weight="400" isBold="False" isItalic="False"/>
      <textSize>14</textSize>
      <selectedIndex>-1</selectedIndex>
      <radius>4</radius>
    </control>
    <control controlID="389D0B11-AA81-464A-8ECA-2A340732721B" controlTypeID="Shape" x="41" y="333" w="294" h="44" zOrder="5">
      <color>4293980400</color>
      <borderVisible>False</borderVisible>
      <font family="Arial" displayName="Arial" postScript="" weightStyle="Regular" weight="400" isBold="False" isItalic="False"/>
      <textSize>14</textSize>
      <selectedIndex>-1</selectedIndex>
      <radius>4</radius>
    </control>
    <control controlID="44C9A143-F2FD-4AC5-937E-6A6AC66BFCB8" controlTypeID="Shape" x="39" y="416" w="294" h="44" zOrder="6">
      <color>4278229503</color>
      <borderVisible>False</borderVisible>
      <interactiveData>
        <entry title="">
          <area shape="0" alt="" ID="{18D0E6F6-712F-430F-A8EE-F1E643578BA7}" coords="(0,0,294,44)"/>
          <events title="">
            <event eventType="atClick" isChecked="True">
              <behaviour title="" isChecked="True" isWait="False" isLoop="False" execMode="emParallel">
                <target targetID="56A63C36-CABD-4F79-9C3C-CBFEEA3ED467" isChecked="True" isAutoRecovery="False" isLoop="False" execMode="emSequence">
                  <command name="Popup State Change" isChecked="True" descrition="">
                    <param name="AniInterpolation" value="0" varType="3" description=""/>
                    <param name="AniDuration" value="200" varType="3" description=""/>
                    <param name="AniAutoReverse" value="False" varType="11" description=""/>
                    <param name="AniLoop" value="False" varType="11" description=""/>
                    <param name="AniInterpolationTypeOut" value="False" varType="11" description=""/>
                    <param name="Delay" value="0" varType="3" description=""/>
                    <param name="Value" value="2" varType="3" description=""/>
                    <param name="AniType" value="0" varType="3" description=""/>
                  </command>
                </target>
              </behaviour>
            </event>
          </events>
        </entry>
      </interactiveData>
      <font family="Arial" displayName="Arial" postScript="" weightStyle="Regular" weight="400" isBold="False" isItalic="False"/>
      <text>%E6%B3%A8%E5%86%8C</text>
      <textColor>4294967295</textColor>
      <textSize>14</textSize>
      <selectedIndex>-1</selectedIndex>
      <radius>4</radius>
    </control>
    <control controlID="24C1A4D6-1ADD-4085-A98F-0D08487087A4" controlTypeID="Shape" x="41" y="482" w="294" h="44" zOrder="7">
      <color>4278229503</color>
      <borderColor>4278190080</borderColor>
      <links eventType="AtClick" animate="AmNone" animateAutoDelay="0" animateDuration="500">
        <link targetPageID="5AEC84BB-31FE-4673-AF90-5E2FA86F4371" linkType="ltPageLink" isApplyIncludePage="False" title="sign+in">
          <area shape="0" alt="" ID="{F97CF051-4AA4-49FC-8B08-DF330D100803}" coords="(0,0,294,44)"/>
        </link>
      </links>
      <font family="Arial" displayName="Arial" postScript="" weightStyle="Regular" weight="400" isBold="False" isItalic="False"/>
      <text>%E5%B7%B2%E6%9C%89%E8%B4%A6%E6%88%B7%EF%BC%8C%E7%9B%B4%E6%8E%A5%E7%99%BB%E5%BD%95</text>
      <textColor>4294967295</textColor>
      <textSize>14</textSize>
      <selectedIndex>-1</selectedIndex>
      <radius>4</radius>
    </control>
    <control controlID="D9D3573D-540F-48C2-9850-3D6D75230B5C" controlTypeID="__group__" x="41" y="108" w="294" h="44" zOrder="8">
      <groupChildrenDescriptors>
        <control controlID="C614CB69-F93F-4F9C-B0A0-4978380F990C" controlTypeID="Shape" x="0" y="0" w="294" h="44" zOrder="0">
          <color>4293980400</color>
          <borderVisible>False</borderVisible>
          <font family="Arial" displayName="Arial" postScript="" weightStyle="Regular" weight="400" isBold="False" isItalic="False"/>
          <textSize>14</textSize>
          <selectedIndex>-1</selectedIndex>
          <radius>4</radius>
        </control>
        <control controlID="E14D11C0-0E9D-4E0F-8B6C-AC723AEE1507" controlTypeID="TextInput" x="7" y="2" w="281" h="39" zOrder="1">
          <color>16777215</color>
          <borderColor>6710886</borderColor>
          <font family="Arial" displayName="Arial" postScript="" weightStyle="Regular" weight="400" isBold="False" isItalic="False"/>
          <text>%E7%94%A8%E6%88%B7%E5%90%8D</text>
          <textColor>4288256409</textColor>
          <lineSpacing>0</lineSpacing>
          <selectedIndex>-1</selectedIndex>
        </control>
      </groupChildrenDescriptors>
    </control>
    <control controlID="D1BB2CBC-DF9B-4CAC-B0FC-82AC2A452F76" controlTypeID="TextInput" x="46" y="169" w="281" h="39" zOrder="9">
      <color>16777215</color>
      <borderColor>6710886</borderColor>
      <font family="Arial" displayName="Arial" postScript="" weightStyle="Regular" weight="400" isBold="False" isItalic="False"/>
      <text>%E6%89%8B%E6%9C%BA%E5%8F%B7%E7%A0%81</text>
      <textColor>4288256409</textColor>
      <lineSpacing>0</lineSpacing>
      <selectedIndex>-1</selectedIndex>
    </control>
    <control controlID="EC8ABEF0-941E-4BC2-B8C7-06701EF101C5" controlTypeID="TextInput" x="48" y="282" w="281" h="39" zOrder="10">
      <color>16777215</color>
      <borderColor>6710886</borderColor>
      <font family="Arial" displayName="Arial" postScript="" weightStyle="Regular" weight="400" isBold="False" isItalic="False"/>
      <text>%E5%AF%86%E7%A0%81</text>
      <textColor>4288256409</textColor>
      <lineSpacing>0</lineSpacing>
      <selectedIndex>-1</selectedIndex>
    </control>
    <control controlID="13874E17-F6AA-4018-8136-2744D22312FD" controlTypeID="TextInput" x="48" y="335" w="281" h="39" zOrder="11">
      <color>16777215</color>
      <borderColor>6710886</borderColor>
      <font family="Arial" displayName="Arial" postScript="" weightStyle="Regular" weight="400" isBold="False" isItalic="False"/>
      <text>%E7%A1%AE%E8%AE%A4%E5%AF%86%E7%A0%81</text>
      <textColor>4288256409</textColor>
      <lineSpacing>0</lineSpacing>
      <selectedIndex>-1</selectedIndex>
    </control>
    <control controlID="119A9A35-FC37-468D-943C-AA120492343D" controlTypeID="Shape" x="41" y="225" w="294" h="44" zOrder="12">
      <color>4293980400</color>
      <borderColor>4293980400</borderColor>
      <borderVisible>False</borderVisible>
      <font family="Arial" displayName="Arial" postScript="" weightStyle="Regular" weight="400" isBold="False" isItalic="False"/>
      <textSize>14</textSize>
      <selectedIndex>-1</selectedIndex>
      <radius>4</radius>
    </control>
    <control controlID="7726F065-F390-46DA-A59F-E245B743C6FE" controlTypeID="TextInput" x="43" y="228" w="281" h="39" zOrder="13">
      <color>16777215</color>
      <borderColor>6710886</borderColor>
      <font family="Arial" displayName="Arial" postScript="" weightStyle="Regular" weight="400" isBold="False" isItalic="False"/>
      <text>%E9%82%AE%E7%AE%B1</text>
      <textColor>4288256409</textColor>
      <lineSpacing>0</lineSpacing>
      <selectedIndex>-1</selectedIndex>
    </control>
    <control controlID="56A63C36-CABD-4F79-9C3C-CBFEEA3ED467" controlTypeID="AlertWindow" x="-164" y="263" w="46" h="46" zOrder="14">
      <groupChildrenDescriptors>
        <control controlID="A26FF26B-85D4-4EBD-AE06-0A603C39BA44" controlTypeID="Panel" x="0" y="0" w="375" h="667" zOrder="0">
          <locked>True</locked>
          <color>1879048192</color>
          <borderVisible>False</borderVisible>
          <canMove>False</canMove>
          <alias>background</alias>
          <groupChildrenDescriptors>
            <control controlID="F2C4D9EE-E573-4B8E-97C6-17471981CAFE" controlTypeID="Border" x="0" y="0" w="375" h="667" zOrder="0">
              <borderVisible>False</borderVisible>
              <alias>borderLayer</alias>
            </control>
          </groupChildrenDescriptors>
          <thinkness>1</thinkness>
        </control>
        <control controlID="AA679B81-2930-49D5-8856-643873EDB179" controlTypeID="PopupPanelContent" x="62" y="252" w="250" h="162" zOrder="1">
          <color>16777215</color>
          <alias>content</alias>
          <groupChildrenDescriptors>
            <control controlID="2524DE05-8C9F-4F59-B4AF-149B1476D7AA" controlTypeID="Alert" x="0" y="0" w="250" h="162" zOrder="0">
              <alias>content</alias>
              <font family="Arial" displayName="Arial" postScript="" weightStyle="Regular" weight="400" isBold="False" isItalic="False"/>
              <text>%E6%B3%A8%E5%86%8C%E6%88%90%E5%8A%9F%EF%BC%81</text>
              <textSize>14</textSize>
              <lineSpacing>0</lineSpacing>
            </control>
          </groupChildrenDescriptors>
        </control>
      </groupChildrenDescriptors>
    </control>
  </controls>
  <param>
    <backgroundColor>4294967295</backgroundColor>
    <fontFamily>Arial</fontFamily>
    <guideLines/>
    <fontSize>14</fontSize>
  </param>
</mockup>