﻿<mockup version="5.1" minAllowVersion="5.1" ID="BD35A628-8FF8-46EE-8F40-7E43DDA584D3" platform="MtMobile" defaultW="375" defaultH="667" screenOrientation="MoPortrait" mobileScreenScale="1.77777779102325" measureW="375" measureH="667" clipArea="(0,0,0,0)">
  <controls controlCount="6">
    <control controlID="1DFF370A-0B51-4FF6-A039-1688152CC014" controlTypeID="StatusBar(IOS)" x="0" y="0" w="375" h="20" zOrder="0">
      <color>4294967295</color>
    </control>
    <control controlID="5462C2F8-4B2E-4ABA-A9D9-45745D8E2256" controlTypeID="Image" x="20" y="167" w="90" h="90" zOrder="1">
      <URL>7EACDB1C2FF456641FFE34F3F7010A27.png</URL>
    </control>
    <control controlID="AFEDD0B8-445F-4983-A7BF-36992E6AB700" controlTypeID="Image" x="254" y="168" w="95" h="95" zOrder="2">
      <URL>72BA905E1E366A300C9AF23CD055C25B.png</URL>
    </control>
    <control controlID="36294A0F-7FAB-467C-B6DB-CC5E6CB77170" controlTypeID="Image" x="131" y="167" w="101" h="97" zOrder="3">
      <URL>BE0ED6C4B6B58AC030E1BBF3D5C752F3.png</URL>
    </control>
    <control controlID="7E22C5D3-1D14-4F0C-924B-5A3D8914B9BC" controlTypeID="Shape" x="41" y="312" w="294" h="44" zOrder="4">
      <color>4278229503</color>
      <borderVisible>False</borderVisible>
      <links eventType="AtClick" animate="AmNone" animateAutoDelay="0" animateDuration="500">
        <link targetPageID="0F14120A-622B-4236-B671-68AF6BB11CA9" linkType="ltPageLink" isApplyIncludePage="False" title="Home">
          <area shape="0" alt="" ID="{F97CF051-4AA4-49FC-8B08-DF330D100803}" coords="(0,0,294,44)"/>
        </link>
      </links>
      <font family="Arial" displayName="Arial" postScript="" weightStyle="Regular" weight="400" isBold="False" isItalic="False"/>
      <text>%E8%BF%9B%E5%85%A5%E8%80%83%E5%8B%A4%E5%9C%A8%E7%BA%BF</text>
      <textColor>4294967295</textColor>
      <textSize>14</textSize>
      <selectedIndex>-1</selectedIndex>
      <radius>4</radius>
    </control>
    <control controlID="CD1E686C-23EA-4642-BB44-FABAE180EBE4" controlTypeID="Icon" x="10" y="39" w="18" h="18" zOrder="5">
      <color>4291611852</color>
      <links eventType="AtClick" animate="AmPushRight" animateAutoDelay="0" animateDuration="500">
        <link targetPageID="41CCBC77-11F0-44EC-BB47-3C7D1E4B7E24" linkType="ltPageLink" isApplyIncludePage="False" title="Start">
          <area shape="0" alt="" ID="{420E51E9-646B-4663-936F-017853A49C42}" coords="(0,0,18,18)"/>
        </link>
      </links>
      <icon>
        <ID/>
        <iconFontName>jdIonicons</iconFontName>
        <iconCode>62418</iconCode>
      </icon>
      <URL>91852B86E51F760894554368302F9800.svg</URL>
    </control>
  </controls>
  <param>
    <backgroundColor>4294967295</backgroundColor>
    <fontSize>0</fontSize>
    <fontFamily>Arial</fontFamily>
    <guideLines/>
  </param>
</mockup>