﻿<mockup version="5.1" minAllowVersion="5.1" ID="C30431CD-631B-4583-97CB-303318E17DCF" platform="MtMobile" defaultW="375" defaultH="667" screenOrientation="MoPortrait" mobileScreenScale="1.77777779102325" measureW="375" measureH="667">
  <controls controlCount="7">
    <control controlID="6625B0D9-A3B9-4F51-8F78-EA836170B6BC" controlTypeID="Shape" x="41" y="163" w="294" h="44" zOrder="0">
      <color>4293980400</color>
      <borderVisible>False</borderVisible>
      <font family="Arial" displayName="Arial" postScript="" weightStyle="Regular" weight="400" isBold="False" isItalic="False"/>
      <textSize>14</textSize>
      <selectedIndex>-1</selectedIndex>
      <radius>4</radius>
    </control>
    <control controlID="5804C4F6-90BD-4C9E-A2A0-95B59141616A" controlTypeID="Shape" x="41" y="229" w="294" h="44" zOrder="1">
      <color>4278229503</color>
      <borderVisible>False</borderVisible>
      <links eventType="AtClick" animate="AmNone" animateAutoDelay="0" animateDuration="500">
        <link targetPageID="0F14120A-622B-4236-B671-68AF6BB11CA9" linkType="ltPageLink" isApplyIncludePage="False" title="Home">
          <area shape="0" alt="" ID="{F97CF051-4AA4-49FC-8B08-DF330D100803}" coords="(0,0,294,44)"/>
        </link>
      </links>
      <font family="Arial" displayName="Arial" postScript="" weightStyle="Regular" weight="400" isBold="False" isItalic="False"/>
      <text>%E8%BF%9B%E5%85%A5%E8%80%83%E5%8B%A4%E7%B3%BB%E7%BB%9F</text>
      <textColor>4294967295</textColor>
      <textSize>14</textSize>
      <selectedIndex>-1</selectedIndex>
      <radius>4</radius>
    </control>
    <control controlID="02D3DFCA-C824-486B-BCE6-F1EFC1E64177" controlTypeID="TextInput" x="48" y="166" w="281" h="39" zOrder="2">
      <color>16777215</color>
      <borderColor>6710886</borderColor>
      <font family="Arial" displayName="Arial" postScript="" weightStyle="Regular" weight="400" isBold="False" isItalic="False"/>
      <text>%E7%A1%AE%E8%AE%A4%E5%AF%86%E7%A0%81</text>
      <textColor>4288256409</textColor>
      <lineSpacing>0</lineSpacing>
      <selectedIndex>-1</selectedIndex>
    </control>
    <control controlID="CA7F1070-17B1-44EF-AF8B-E0B1E6914103" controlTypeID="StatusBar(IOS)" x="0" y="0" w="375" h="20" zOrder="3">
      <color>4294967295</color>
    </control>
    <control controlID="C60F758B-D2B2-443C-A31E-A1122962B633" controlTypeID="Shape" x="41" y="112" w="294" h="44" zOrder="4">
      <color>4293980400</color>
      <borderVisible>False</borderVisible>
      <font family="Arial" displayName="Arial" postScript="" weightStyle="Regular" weight="400" isBold="False" isItalic="False"/>
      <textSize>14</textSize>
      <selectedIndex>-1</selectedIndex>
      <radius>4</radius>
    </control>
    <control controlID="D1FCCFB7-E529-4F09-B092-C18932D9AF32" controlTypeID="TextInput" x="48" y="115" w="281" h="39" zOrder="5">
      <color>16777215</color>
      <borderColor>6710886</borderColor>
      <font family="Arial" displayName="Arial" postScript="" weightStyle="Regular" weight="400" isBold="False" isItalic="False"/>
      <text>%E5%AF%86%E7%A0%81</text>
      <textColor>4288256409</textColor>
      <lineSpacing>0</lineSpacing>
      <selectedIndex>-1</selectedIndex>
    </control>
    <control controlID="5457E37A-2617-49F5-ABAC-A0104569DF23" controlTypeID="Icon" x="10" y="39" w="18" h="18" zOrder="6">
      <color>4291611852</color>
      <links eventType="AtClick" animate="AmPushRight" animateAutoDelay="0" animateDuration="500">
        <link targetPageID="0F9BCBC5-C2C5-43F1-B3B5-42B584ADCA60" linkType="ltPageLink" isApplyIncludePage="False" title="verification+code">
          <area shape="0" alt="" ID="{420E51E9-646B-4663-936F-017853A49C42}" coords="(0,0,18,18)"/>
        </link>
      </links>
      <icon>
        <ID/>
        <iconFontName>jdIonicons</iconFontName>
        <iconCode>62418</iconCode>
      </icon>
      <URL>91852B86E51F760894554368302F9800.svg</URL>
    </control>
  </controls>
  <param>
    <backgroundColor>4294967295</backgroundColor>
    <fontSize>0</fontSize>
    <fontFamily>Arial</fontFamily>
    <guideLines/>
  </param>
</mockup>