﻿<mockup version="5.1" platform="MtMobile" defaultW="375" defaultH="667" from="FmLocal" screenOrientation="MoPortrait" mobileScreenScale="1.77777779102325" ID="C5192FF4-5C3C-4627-9E8F-DEB3789DD925" measureW="375" measureH="667" clipArea="(0,0,0,0)" minAllowVersion="5.1">
  <controls controlCount="60">
    <control controlID="A20D5A0D-B482-459D-A6F1-6D101BB335BE" controlTypeID="StatusBar(IOS)" x="0" y="0" w="375" h="20" zOrder="0">
      <color>4291611852</color>
    </control>
    <control controlID="ACD8BBCC-E384-4111-9916-B37644A486FE" controlTypeID="Shape" x="0" y="20" w="375" h="44" zOrder="1">
      <color>4291611852</color>
      <borderVisible>False</borderVisible>
      <font family="Arial" displayName="Arial" postScript="" weightStyle="Regular" weight="400" isBold="False" isItalic="False"/>
      <selectedIndex>-1</selectedIndex>
    </control>
    <control controlID="17882D99-48B7-4D92-B58D-AB82F7C64943" controlTypeID="Label" x="316" y="32" w="38" h="21" zOrder="2">
      <links eventType="AtClick" animate="AmNone" animateAutoDelay="0" animateDuration="500">
        <link targetPageID="4F82CEFD-599C-43A9-B283-C5C4FACF6D93" linkType="ltPageLink" isApplyIncludePage="False" title="qiandao">
          <area shape="0" alt="" ID="{1CC26AA3-ED21-483F-A071-6471006ECE78}" coords="(0,0,38,21)"/>
        </link>
      </links>
      <font family="Arial" displayName="Arial" postScript="" weightStyle="Regular" weight="400" isBold="False" isItalic="False"/>
      <text>%E5%8F%96%E6%B6%88</text>
      <textSize>16</textSize>
      <textVAlign>VaTop</textVAlign>
      <lineSpacing>0</lineSpacing>
      <useDefaultTextSize>False</useDefaultTextSize>
      <selectedIndex>-1</selectedIndex>
    </control>
    <control controlID="66E87D68-79EB-4283-9046-0DD9E86A68BB" controlTypeID="ScrollView" x="0" y="64" w="375" h="603" zOrder="3">
      <borderVisible>False</borderVisible>
      <groupChildrenDescriptors>
        <control controlID="6AD793E5-9E12-413B-8922-856315E86715" controlTypeID="ScrollViewContentPanel" x="0" y="0" w="394" h="713" zOrder="0">
          <caption>%E6%BB%9A%E5%8A%A8%E5%8C%BA%E5%86%85%E5%AE%B9%E5%B1%82</caption>
          <alias>contentPanel</alias>
          <groupChildrenDescriptors>
            <control controlID="2DE43C78-D6C9-450F-95FB-F38E06F7D4AB" controlTypeID="__group__" x="12" y="24" w="24" h="24" zOrder="0">
              <groupChildrenDescriptors>
                <control controlID="03AA22DB-3777-43C5-8343-057D3BC30D40" controlTypeID="Shape" x="0" y="0" w="24" h="24" zOrder="0">
                  <color>4294901886</color>
                  <borderVisible>False</borderVisible>
                  <font family="Arial" displayName="Arial" postScript="" weightStyle="Regular" weight="400" isBold="False" isItalic="False"/>
                  <selectedIndex>-1</selectedIndex>
                  <radius>2</radius>
                </control>
                <control controlID="5205BED5-1137-4EDB-934A-22C9547E0364" controlTypeID="Icon" x="6" y="6" w="12" h="12" zOrder="1">
                  <color>4294967295</color>
                  <icon>
                    <ID/>
                    <iconFontName>jdIcoFont</iconFontName>
                    <iconCode>59116</iconCode>
                  </icon>
                  <URL>20AB30DAD2C367534A2EC8B12290495E.svg</URL>
                </control>
              </groupChildrenDescriptors>
            </control>
            <control controlID="5D77B74D-3E1C-4F90-91CE-239D42FF929A" controlTypeID="Line" x="0" y="424" w="376" h="1" zOrder="1">
              <color>4291611852</color>
              <font family="Arial" displayName="Arial" postScript="" weightStyle="Regular" weight="400" isBold="False" isItalic="False"/>
              <lineSpacing>0</lineSpacing>
              <selectedIndex>-1</selectedIndex>
              <controlPoint>(188,0)</controlPoint>
              <startPoint>(1,0)</startPoint>
              <endPoint>(376,0)</endPoint>
            </control>
            <control controlID="8134F9AD-B26C-4342-90BF-DA15A93EE78D" controlTypeID="Line" x="0" y="634" w="376" h="1" zOrder="2">
              <color>4291611852</color>
              <font family="Arial" displayName="Arial" postScript="" weightStyle="Regular" weight="400" isBold="False" isItalic="False"/>
              <lineSpacing>0</lineSpacing>
              <selectedIndex>-1</selectedIndex>
              <controlPoint>(188,0)</controlPoint>
              <startPoint>(1,0)</startPoint>
              <endPoint>(376,0)</endPoint>
            </control>
            <control controlID="8DD13C24-3B7A-4921-AEF0-F38E7F458D95" controlTypeID="Line" x="0" y="702" w="376" h="1" zOrder="3">
              <color>4291611852</color>
              <font family="Arial" displayName="Arial" postScript="" weightStyle="Regular" weight="400" isBold="False" isItalic="False"/>
              <lineSpacing>0</lineSpacing>
              <selectedIndex>-1</selectedIndex>
              <controlPoint>(188,0)</controlPoint>
              <startPoint>(1,0)</startPoint>
              <endPoint>(376,0)</endPoint>
            </control>
            <control controlID="6F9F2CA4-B696-4BE0-830A-FD55041C087E" controlTypeID="__group__" x="0" y="24" w="376" h="46" zOrder="4">
              <groupChildrenDescriptors>
                <control controlID="15820CFE-A6A2-4E04-97B3-13F588A29D06" controlTypeID="Line" x="0" y="45" w="376" h="1" zOrder="0">
                  <color>4291611852</color>
                  <font family="Arial" displayName="Arial" postScript="" weightStyle="Regular" weight="400" isBold="False" isItalic="False"/>
                  <lineSpacing>0</lineSpacing>
                  <selectedIndex>-1</selectedIndex>
                  <controlPoint>(188,0)</controlPoint>
                  <startPoint>(1,0)</startPoint>
                  <endPoint>(376,0)</endPoint>
                </control>
                <control controlID="974BC006-7E3F-4A84-B6D6-37162525B17D" controlTypeID="Label" x="46" y="0" w="89" h="18" zOrder="1">
                  <font family="Arial" displayName="Arial" postScript="" weightStyle="Regular" weight="400" isBold="False" isItalic="False"/>
                  <text>%E4%BD%BF%E7%94%A8%E5%BD%93%E5%89%8D%E4%BD%8D%E7%BD%AE</text>
                  <textColor>4281545523</textColor>
                  <textVAlign>VaTop</textVAlign>
                  <lineSpacing>0</lineSpacing>
                  <useDefaultTextSize>False</useDefaultTextSize>
                  <selectedIndex>-1</selectedIndex>
                </control>
              </groupChildrenDescriptors>
            </control>
            <control controlID="B27EFB43-E79D-4746-8545-F5B19B287AB8" controlTypeID="Icon" x="12" y="654" w="24" h="24" zOrder="5">
              <color>4294901886</color>
              <icon>
                <ID/>
                <iconFontName>jdIcoFont</iconFontName>
                <iconCode>59171</iconCode>
              </icon>
              <URL>033060A4746B78F670C2398647EB85C1.svg</URL>
            </control>
            <control controlID="B2E05206-8511-4147-A2B5-6674771B4196" controlTypeID="Label" x="45" y="649" w="47" h="17" zOrder="6">
              <font family="Arial" displayName="Arial" postScript="" weightStyle="Regular" weight="400" isBold="False" isItalic="False"/>
              <text>Beijing</text>
              <textColor>4284900966</textColor>
              <textVAlign>VaTop</textVAlign>
              <lineSpacing>0</lineSpacing>
              <useDefaultTextSize>False</useDefaultTextSize>
              <selectedIndex>-1</selectedIndex>
            </control>
            <control controlID="51046D05-9880-450F-94A1-CA454B20CA4E" controlTypeID="__group__" x="1" y="91" w="376" h="54" zOrder="7">
              <links eventType="AtClick" animate="AmNone" animateAutoDelay="0" animateDuration="500">
                <link targetPageID="4F82CEFD-599C-43A9-B283-C5C4FACF6D93" linkType="ltPageLink" isApplyIncludePage="False" title="qiandao">
                  <area shape="0" alt="" ID="{8D1F1B46-8F1B-406C-BCB2-A90AEEBE2778}" coords="(0,0,376,54)"/>
                </link>
              </links>
              <groupChildrenDescriptors>
                <control controlID="02857FE6-D91B-4B92-98EA-E555A90D95D8" controlTypeID="Line" x="0" y="53" w="376" h="1" zOrder="0">
                  <color>4291611852</color>
                  <font family="Arial" displayName="Arial" postScript="" weightStyle="Regular" weight="400" isBold="False" isItalic="False"/>
                  <lineSpacing>0</lineSpacing>
                  <selectedIndex>-1</selectedIndex>
                  <controlPoint>(188,0)</controlPoint>
                  <startPoint>(1,0)</startPoint>
                  <endPoint>(376,0)</endPoint>
                </control>
                <control controlID="486592B7-7CA7-4436-A525-4BDC10F8E117" controlTypeID="Icon" x="11" y="5" w="24" h="24" zOrder="1">
                  <color>4294901886</color>
                  <icon>
                    <ID/>
                    <iconFontName>jdIcoFont</iconFontName>
                    <iconCode>59171</iconCode>
                  </icon>
                  <URL>033060A4746B78F670C2398647EB85C1.svg</URL>
                </control>
                <control controlID="5A9C7133-CBDD-42C0-90ED-512064149FC0" controlTypeID="Label" x="44" y="0" w="61" h="18" zOrder="2">
                  <font family="Arial" displayName="Arial" postScript="" weightStyle="Regular" weight="400" isBold="False" isItalic="False"/>
                  <text>%E7%A6%8F%E5%B7%9E%E5%A4%A7%E5%AD%A6</text>
                  <textColor>4284900966</textColor>
                  <textVAlign>VaTop</textVAlign>
                  <lineSpacing>0</lineSpacing>
                  <useDefaultTextSize>False</useDefaultTextSize>
                  <selectedIndex>-1</selectedIndex>
                </control>
                <control controlID="A1949A5F-F4DB-4A17-A969-59AA767C36EF" controlTypeID="Label" x="44" y="22" w="52" h="16" zOrder="3">
                  <font family="Arial" displayName="Arial" postScript="" weightStyle="Regular" weight="400" isBold="False" isItalic="False"/>
                  <text>%E7%94%9F%E6%B4%BB%E5%9B%9B%E5%8C%BA</text>
                  <textColor>4284900966</textColor>
                  <textSize>12</textSize>
                  <textVAlign>VaTop</textVAlign>
                  <lineSpacing>0</lineSpacing>
                  <selectedIndex>-1</selectedIndex>
                </control>
              </groupChildrenDescriptors>
            </control>
            <control controlID="B0E305D2-5D83-49E9-962B-8868A5E64078" controlTypeID="__group__" x="-1" y="162" w="376" h="54" zOrder="8">
              <links eventType="AtClick" animate="AmNone" animateAutoDelay="0" animateDuration="500">
                <link targetPageID="4F82CEFD-599C-43A9-B283-C5C4FACF6D93" linkType="ltPageLink" isApplyIncludePage="False" title="qiandao">
                  <area shape="0" alt="" ID="{86AB14B7-EC12-49B8-8FA8-E72D4663BBAA}" coords="(0,0,376,54)"/>
                </link>
              </links>
              <groupChildrenDescriptors>
                <control controlID="00080AB6-D9EF-4046-BFE7-1E56CE12C5DD" controlTypeID="Line" x="0" y="53" w="376" h="1" zOrder="0">
                  <color>4291611852</color>
                  <font family="Arial" displayName="Arial" postScript="" weightStyle="Regular" weight="400" isBold="False" isItalic="False"/>
                  <lineSpacing>0</lineSpacing>
                  <selectedIndex>-1</selectedIndex>
                  <controlPoint>(188,0)</controlPoint>
                  <startPoint>(1,0)</startPoint>
                  <endPoint>(376,0)</endPoint>
                </control>
                <control controlID="B4CDD0C6-A8B1-4A63-8B68-A6D66D9380BB" controlTypeID="Icon" x="12" y="5" w="24" h="24" zOrder="1">
                  <color>4294901886</color>
                  <icon>
                    <ID/>
                    <iconFontName>jdIcoFont</iconFontName>
                    <iconCode>59171</iconCode>
                  </icon>
                  <URL>033060A4746B78F670C2398647EB85C1.svg</URL>
                </control>
                <control controlID="20FC64FD-3EA8-49FB-B5A3-3F38238D4931" controlTypeID="Label" x="45" y="0" w="61" h="18" zOrder="2">
                  <font family="Arial" displayName="Arial" postScript="" weightStyle="Regular" weight="400" isBold="False" isItalic="False"/>
                  <text>%E7%A6%8F%E5%B7%9E%E5%A4%A7%E5%AD%A6</text>
                  <textColor>4284900966</textColor>
                  <textVAlign>VaTop</textVAlign>
                  <lineSpacing>0</lineSpacing>
                  <useDefaultTextSize>False</useDefaultTextSize>
                  <selectedIndex>-1</selectedIndex>
                </control>
                <control controlID="8CB2E83F-9D5B-4F6B-9AF2-7E614B1C3CFB" controlTypeID="Label" x="45" y="22" w="27" h="16" zOrder="3">
                  <font family="Arial" displayName="Arial" postScript="" weightStyle="Regular" weight="400" isBold="False" isItalic="False"/>
                  <text>%E4%B8%9C%E9%97%A8</text>
                  <textColor>4284900966</textColor>
                  <textSize>12</textSize>
                  <textVAlign>VaTop</textVAlign>
                  <lineSpacing>0</lineSpacing>
                  <selectedIndex>-1</selectedIndex>
                </control>
              </groupChildrenDescriptors>
            </control>
            <control controlID="0C1B7589-3D39-4183-AE9C-81FAFBE88416" controlTypeID="Label" x="45" y="603" w="35" h="14" zOrder="9">
              <font family="Arial" displayName="Arial" postScript="" weightStyle="Regular" weight="400" isBold="False" isItalic="False"/>
              <text>China</text>
              <textColor>4284900966</textColor>
              <textSize>12</textSize>
              <textVAlign>VaTop</textVAlign>
              <lineSpacing>0</lineSpacing>
              <selectedIndex>-1</selectedIndex>
            </control>
            <control controlID="C38A08B4-1A71-4638-923A-19D89F0129FF" controlTypeID="Label" x="45" y="671" w="35" h="14" zOrder="10">
              <font family="Arial" displayName="Arial" postScript="" weightStyle="Regular" weight="400" isBold="False" isItalic="False"/>
              <text>China</text>
              <textColor>4284900966</textColor>
              <textSize>12</textSize>
              <textVAlign>VaTop</textVAlign>
              <lineSpacing>0</lineSpacing>
              <selectedIndex>-1</selectedIndex>
            </control>
            <control controlID="6992D961-4B7C-4B18-B602-2E9C7C64EFB8" controlTypeID="Line" x="0" y="493" w="376" h="1" zOrder="11">
              <color>4291611852</color>
              <font family="Arial" displayName="Arial" postScript="" weightStyle="Regular" weight="400" isBold="False" isItalic="False"/>
              <lineSpacing>0</lineSpacing>
              <selectedIndex>-1</selectedIndex>
              <controlPoint>(188,0)</controlPoint>
              <startPoint>(1,0)</startPoint>
              <endPoint>(376,0)</endPoint>
            </control>
            <control controlID="83C39DB6-C071-4679-BF89-BDEBD95ED344" controlTypeID="Line" x="0" y="563" w="376" h="1" zOrder="12">
              <color>4291611852</color>
              <font family="Arial" displayName="Arial" postScript="" weightStyle="Regular" weight="400" isBold="False" isItalic="False"/>
              <lineSpacing>0</lineSpacing>
              <selectedIndex>-1</selectedIndex>
              <controlPoint>(188,0)</controlPoint>
              <startPoint>(1,0)</startPoint>
              <endPoint>(376,0)</endPoint>
            </control>
            <control controlID="4AD44B71-F1D9-43B7-8CAF-E797DA1DF6D4" controlTypeID="__group__" x="-1" y="234" w="376" h="54" zOrder="13">
              <links eventType="AtClick" animate="AmNone" animateAutoDelay="0" animateDuration="500">
                <link targetPageID="4F82CEFD-599C-43A9-B283-C5C4FACF6D93" linkType="ltPageLink" isApplyIncludePage="False" title="qiandao">
                  <area shape="0" alt="" ID="{86AB14B7-EC12-49B8-8FA8-E72D4663BBAA}" coords="(0,0,376,54)"/>
                </link>
              </links>
              <groupChildrenDescriptors>
                <control controlID="448F9A02-DDB4-4FB3-8CD2-CCFCE3A090F5" controlTypeID="Line" x="0" y="53" w="376" h="1" zOrder="0">
                  <color>4291611852</color>
                  <font family="Arial" displayName="Arial" postScript="" weightStyle="Regular" weight="400" isBold="False" isItalic="False"/>
                  <lineSpacing>0</lineSpacing>
                  <selectedIndex>-1</selectedIndex>
                  <controlPoint>(188,0)</controlPoint>
                  <startPoint>(1,0)</startPoint>
                  <endPoint>(376,0)</endPoint>
                </control>
                <control controlID="554408E0-4CCC-4CB4-A9E6-E51A268C9D1A" controlTypeID="Icon" x="12" y="5" w="24" h="24" zOrder="1">
                  <color>4294901886</color>
                  <icon>
                    <ID/>
                    <iconFontName>jdIcoFont</iconFontName>
                    <iconCode>59171</iconCode>
                  </icon>
                  <URL>033060A4746B78F670C2398647EB85C1.svg</URL>
                </control>
                <control controlID="6560A6A1-01F5-4B48-BC47-1960F4344782" controlTypeID="Label" x="45" y="0" w="61" h="18" zOrder="2">
                  <font family="Arial" displayName="Arial" postScript="" weightStyle="Regular" weight="400" isBold="False" isItalic="False"/>
                  <text>%E7%A6%8F%E5%B7%9E%E5%A4%A7%E5%AD%A6</text>
                  <textColor>4284900966</textColor>
                  <textVAlign>VaTop</textVAlign>
                  <lineSpacing>0</lineSpacing>
                  <useDefaultTextSize>False</useDefaultTextSize>
                  <selectedIndex>-1</selectedIndex>
                </control>
                <control controlID="F45D568B-4020-47F9-AFC5-E66723B3C01F" controlTypeID="Label" x="45" y="22" w="27" h="16" zOrder="3">
                  <font family="Arial" displayName="Arial" postScript="" weightStyle="Regular" weight="400" isBold="False" isItalic="False"/>
                  <text>%E4%B8%9C%E9%97%A8</text>
                  <textColor>4284900966</textColor>
                  <textSize>12</textSize>
                  <textVAlign>VaTop</textVAlign>
                  <lineSpacing>0</lineSpacing>
                  <selectedIndex>-1</selectedIndex>
                </control>
              </groupChildrenDescriptors>
            </control>
            <control controlID="40197144-4C83-4641-8E0E-D4084FB10322" controlTypeID="__group__" x="2" y="305" w="376" h="54" zOrder="14">
              <links eventType="AtClick" animate="AmNone" animateAutoDelay="0" animateDuration="500">
                <link targetPageID="4F82CEFD-599C-43A9-B283-C5C4FACF6D93" linkType="ltPageLink" isApplyIncludePage="False" title="qiandao">
                  <area shape="0" alt="" ID="{86AB14B7-EC12-49B8-8FA8-E72D4663BBAA}" coords="(0,0,376,54)"/>
                </link>
              </links>
              <groupChildrenDescriptors>
                <control controlID="1B030118-6AA5-4843-B019-5E7CAB56A4E2" controlTypeID="Line" x="0" y="53" w="376" h="1" zOrder="0">
                  <color>4291611852</color>
                  <font family="Arial" displayName="Arial" postScript="" weightStyle="Regular" weight="400" isBold="False" isItalic="False"/>
                  <lineSpacing>0</lineSpacing>
                  <selectedIndex>-1</selectedIndex>
                  <controlPoint>(188,0)</controlPoint>
                  <startPoint>(1,0)</startPoint>
                  <endPoint>(376,0)</endPoint>
                </control>
                <control controlID="B0604431-FA62-4CB5-9C69-41BD75A68453" controlTypeID="Icon" x="12" y="5" w="24" h="24" zOrder="1">
                  <color>4294901886</color>
                  <icon>
                    <ID/>
                    <iconFontName>jdIcoFont</iconFontName>
                    <iconCode>59171</iconCode>
                  </icon>
                  <URL>033060A4746B78F670C2398647EB85C1.svg</URL>
                </control>
                <control controlID="8CB3B6CD-789B-455B-AC75-F3CA373B0C71" controlTypeID="Label" x="45" y="0" w="61" h="18" zOrder="2">
                  <font family="Arial" displayName="Arial" postScript="" weightStyle="Regular" weight="400" isBold="False" isItalic="False"/>
                  <text>%E7%A6%8F%E5%B7%9E%E5%A4%A7%E5%AD%A6</text>
                  <textColor>4284900966</textColor>
                  <textVAlign>VaTop</textVAlign>
                  <lineSpacing>0</lineSpacing>
                  <useDefaultTextSize>False</useDefaultTextSize>
                  <selectedIndex>-1</selectedIndex>
                </control>
                <control controlID="4E17D22E-CD1F-4564-80D4-9834904F1184" controlTypeID="Label" x="45" y="22" w="27" h="16" zOrder="3">
                  <font family="Arial" displayName="Arial" postScript="" weightStyle="Regular" weight="400" isBold="False" isItalic="False"/>
                  <text>%E4%B8%9C%E9%97%A8</text>
                  <textColor>4284900966</textColor>
                  <textSize>12</textSize>
                  <textVAlign>VaTop</textVAlign>
                  <lineSpacing>0</lineSpacing>
                  <selectedIndex>-1</selectedIndex>
                </control>
              </groupChildrenDescriptors>
            </control>
            <control controlID="B1F252FD-757D-4122-9FCF-E8A7BF141E38" controlTypeID="__group__" x="0" y="371" w="388" h="54" zOrder="15">
              <links eventType="AtClick" animate="AmNone" animateAutoDelay="0" animateDuration="500">
                <link targetPageID="0F14120A-622B-4236-B671-68AF6BB11CA9" linkType="ltPageLink" isApplyIncludePage="False" title="home">
                  <area shape="0" alt="" ID="{86AB14B7-EC12-49B8-8FA8-E72D4663BBAA}" coords="(0,0,388,54)"/>
                </link>
              </links>
              <groupChildrenDescriptors>
                <control controlID="8581385F-0BC3-40BB-8054-AAB39101810F" controlTypeID="Line" x="12" y="53" w="376" h="1" zOrder="0">
                  <color>4291611852</color>
                  <font family="Arial" displayName="Arial" postScript="" weightStyle="Regular" weight="400" isBold="False" isItalic="False"/>
                  <lineSpacing>0</lineSpacing>
                  <selectedIndex>-1</selectedIndex>
                  <controlPoint>(188,0)</controlPoint>
                  <startPoint>(1,0)</startPoint>
                  <endPoint>(376,0)</endPoint>
                </control>
                <control controlID="BE235ADB-6B3D-4079-97B7-064EDD6099E7" controlTypeID="Icon" x="12" y="5" w="25" h="25" zOrder="1">
                  <color>4294901886</color>
                  <icon>
                    <ID/>
                    <iconFontName>jdIcoFont</iconFontName>
                    <iconCode>59171</iconCode>
                  </icon>
                  <URL>033060A4746B78F670C2398647EB85C1.svg</URL>
                </control>
                <control controlID="4FDC6CD0-74F5-4E48-95F1-A9E4A350AD18" controlTypeID="Label" x="46" y="0" w="61" h="18" zOrder="2">
                  <font family="Arial" displayName="Arial" postScript="" weightStyle="Regular" weight="400" isBold="False" isItalic="False"/>
                  <text>%E7%A6%8F%E5%B7%9E%E5%A4%A7%E5%AD%A6</text>
                  <textColor>4284900966</textColor>
                  <textVAlign>VaTop</textVAlign>
                  <lineSpacing>0</lineSpacing>
                  <useDefaultTextSize>False</useDefaultTextSize>
                  <selectedIndex>-1</selectedIndex>
                </control>
                <control controlID="B900F83E-4A4A-4C7C-B9B3-B7637222E79C" controlTypeID="Label" x="46" y="22" w="27" h="16" zOrder="3">
                  <font family="Arial" displayName="Arial" postScript="" weightStyle="Regular" weight="400" isBold="False" isItalic="False"/>
                  <text>%E4%B8%9C%E9%97%A8</text>
                  <textColor>4284900966</textColor>
                  <textSize>12</textSize>
                  <textVAlign>VaTop</textVAlign>
                  <lineSpacing>0</lineSpacing>
                  <selectedIndex>-1</selectedIndex>
                </control>
              </groupChildrenDescriptors>
            </control>
            <control controlID="6744562F-F027-4AF4-9851-FDC2737A2FC0" controlTypeID="__group__" x="0" y="439" w="394" h="54" zOrder="16">
              <links eventType="AtClick" animate="AmNone" animateAutoDelay="0" animateDuration="500">
                <link targetPageID="0F14120A-622B-4236-B671-68AF6BB11CA9" linkType="ltPageLink" isApplyIncludePage="False" title="home">
                  <area shape="0" alt="" ID="{86AB14B7-EC12-49B8-8FA8-E72D4663BBAA}" coords="(0,0,394,54)"/>
                </link>
              </links>
              <groupChildrenDescriptors>
                <control controlID="908C38CA-9DF9-44A7-8FBC-689A0EDEE954" controlTypeID="Line" x="18" y="53" w="376" h="1" zOrder="0">
                  <color>4291611852</color>
                  <font family="Arial" displayName="Arial" postScript="" weightStyle="Regular" weight="400" isBold="False" isItalic="False"/>
                  <lineSpacing>0</lineSpacing>
                  <selectedIndex>-1</selectedIndex>
                  <controlPoint>(188,0)</controlPoint>
                  <startPoint>(1,0)</startPoint>
                  <endPoint>(376,0)</endPoint>
                </control>
                <control controlID="0D26A29E-C7CB-41B0-9A14-587F45CD23E9" controlTypeID="Icon" x="12" y="5" w="25" h="25" zOrder="1">
                  <color>4294901886</color>
                  <icon>
                    <ID/>
                    <iconFontName>jdIcoFont</iconFontName>
                    <iconCode>59171</iconCode>
                  </icon>
                  <URL>033060A4746B78F670C2398647EB85C1.svg</URL>
                </control>
                <control controlID="66A0896F-7C2E-42F7-B4B6-6EE9F9C5CAD0" controlTypeID="Label" x="47" y="0" w="61" h="18" zOrder="2">
                  <font family="Arial" displayName="Arial" postScript="" weightStyle="Regular" weight="400" isBold="False" isItalic="False"/>
                  <text>%E7%A6%8F%E5%B7%9E%E5%A4%A7%E5%AD%A6</text>
                  <textColor>4284900966</textColor>
                  <textVAlign>VaTop</textVAlign>
                  <lineSpacing>0</lineSpacing>
                  <useDefaultTextSize>False</useDefaultTextSize>
                  <selectedIndex>-1</selectedIndex>
                </control>
                <control controlID="2F75AAE1-37FD-4A3A-8DD2-C2CFC271DC41" controlTypeID="Label" x="47" y="22" w="27" h="16" zOrder="3">
                  <font family="Arial" displayName="Arial" postScript="" weightStyle="Regular" weight="400" isBold="False" isItalic="False"/>
                  <text>%E4%B8%9C%E9%97%A8</text>
                  <textColor>4284900966</textColor>
                  <textSize>12</textSize>
                  <textVAlign>VaTop</textVAlign>
                  <lineSpacing>0</lineSpacing>
                  <selectedIndex>-1</selectedIndex>
                </control>
              </groupChildrenDescriptors>
            </control>
            <control controlID="1D3DEEAC-5F0C-46B3-9539-C8C6F42C6DCF" controlTypeID="__group__" x="0" y="509" w="394" h="54" zOrder="17">
              <links eventType="AtClick" animate="AmNone" animateAutoDelay="0" animateDuration="500">
                <link targetPageID="0F14120A-622B-4236-B671-68AF6BB11CA9" linkType="ltPageLink" isApplyIncludePage="False" title="home">
                  <area shape="0" alt="" ID="{86AB14B7-EC12-49B8-8FA8-E72D4663BBAA}" coords="(0,0,394,54)"/>
                </link>
              </links>
              <groupChildrenDescriptors>
                <control controlID="82D1E1C9-31E8-47A4-A61A-FD8FA4BA47E9" controlTypeID="Line" x="18" y="53" w="376" h="1" zOrder="0">
                  <color>4291611852</color>
                  <font family="Arial" displayName="Arial" postScript="" weightStyle="Regular" weight="400" isBold="False" isItalic="False"/>
                  <lineSpacing>0</lineSpacing>
                  <selectedIndex>-1</selectedIndex>
                  <controlPoint>(188,0)</controlPoint>
                  <startPoint>(1,0)</startPoint>
                  <endPoint>(376,0)</endPoint>
                </control>
                <control controlID="77523A7B-4068-407C-AB3A-ABB6430DC94A" controlTypeID="Icon" x="12" y="5" w="25" h="25" zOrder="1">
                  <color>4294901886</color>
                  <icon>
                    <ID/>
                    <iconFontName>jdIcoFont</iconFontName>
                    <iconCode>59171</iconCode>
                  </icon>
                  <URL>033060A4746B78F670C2398647EB85C1.svg</URL>
                </control>
                <control controlID="37C31FF4-347E-45B4-909B-E585108FC6ED" controlTypeID="Label" x="47" y="0" w="61" h="18" zOrder="2">
                  <font family="Arial" displayName="Arial" postScript="" weightStyle="Regular" weight="400" isBold="False" isItalic="False"/>
                  <text>%E7%A6%8F%E5%B7%9E%E5%A4%A7%E5%AD%A6</text>
                  <textColor>4284900966</textColor>
                  <textVAlign>VaTop</textVAlign>
                  <lineSpacing>0</lineSpacing>
                  <useDefaultTextSize>False</useDefaultTextSize>
                  <selectedIndex>-1</selectedIndex>
                </control>
                <control controlID="D00BFB64-5C75-47A7-B926-4BEDCFECF919" controlTypeID="Label" x="47" y="22" w="27" h="16" zOrder="3">
                  <font family="Arial" displayName="Arial" postScript="" weightStyle="Regular" weight="400" isBold="False" isItalic="False"/>
                  <text>%E4%B8%9C%E9%97%A8</text>
                  <textColor>4284900966</textColor>
                  <textSize>12</textSize>
                  <textVAlign>VaTop</textVAlign>
                  <lineSpacing>0</lineSpacing>
                  <selectedIndex>-1</selectedIndex>
                </control>
              </groupChildrenDescriptors>
            </control>
          </groupChildrenDescriptors>
        </control>
        <control controlID="618850D4-BFA2-4067-B4E0-FE4449B79F2C" controlTypeID="Border" x="0" y="0" w="375" h="603" zOrder="1">
          <color>4284900966</color>
          <borderColor>4278190080</borderColor>
          <borderVisible>False</borderVisible>
          <alias>borderLayer</alias>
        </control>
      </groupChildrenDescriptors>
    </control>
    <control controlID="F12B71BE-2937-4F0F-8FEE-5E1BAE2B00D2" controlTypeID="__group__" x="35" y="26" w="270" h="31" zOrder="4">
      <groupChildrenDescriptors>
        <control controlID="A0DFEB25-C77A-4FCD-A64E-391BF27ABEA2" controlTypeID="Search" x="0" y="0" w="270" h="31" zOrder="0">
          <borderColor>6710886</borderColor>
          <font family="Arial" displayName="Arial" postScript="" weightStyle="Regular" weight="400" isBold="False" isItalic="False"/>
          <textVAlign>VaTop</textVAlign>
          <lineSpacing>0</lineSpacing>
          <selectedIndex>-1</selectedIndex>
        </control>
        <control controlID="865856E9-A331-4FB4-B2DE-B43D57E2A683" controlTypeID="TextInput" x="28" y="1" w="234" h="28" zOrder="1">
          <borderColor>6710886</borderColor>
          <font family="Arial" displayName="Arial" postScript="" weightStyle="Regular" weight="400" isBold="False" isItalic="False"/>
          <text>%E6%89%80%E5%9C%A8%E4%BD%8D%E7%BD%AE</text>
          <textColor>4288256409</textColor>
          <textSize>12</textSize>
          <lineSpacing>0</lineSpacing>
          <selectedIndex>-1</selectedIndex>
        </control>
      </groupChildrenDescriptors>
    </control>
    <control controlID="1DC2A797-863E-424D-8074-3FD97B71BE05" controlTypeID="Icon" x="7" y="33" w="18" h="18" zOrder="5">
      <color>4294967295</color>
      <links eventType="AtClick" animate="AmPushRight" animateAutoDelay="0" animateDuration="500">
        <link targetPageID="0F14120A-622B-4236-B671-68AF6BB11CA9" linkType="ltPageLink" isApplyIncludePage="False" title="Home">
          <area shape="0" alt="" ID="{420E51E9-646B-4663-936F-017853A49C42}" coords="(0,0,18,18)"/>
        </link>
      </links>
      <icon>
        <ID/>
        <iconFontName>jdIonicons</iconFontName>
        <iconCode>62418</iconCode>
      </icon>
      <URL>91852B86E51F760894554368302F9800.svg</URL>
    </control>
  </controls>
  <param>
    <backgroundColor>4294967295</backgroundColor>
    <fontFamily>Arial</fontFamily>
    <guideLines/>
  </param>
</mockup>