<mockup version="5.1" minAllowVersion="5.1" ID="F733908A-C36F-4E06-8591-2F7C7AC6D74E" platform="MtMobile" defaultW="375" defaultH="667" screenOrientation="MoPortrait" mobileScreenScale="1.77777779102325" measureW="375" measureH="667" clipArea="(0,0,0,0)">
  <controls controlCount="8">
    <control controlID="0342F7B2-D31D-48DF-A406-2C9AA703B1BB" controlTypeID="StatusBar(IOS)" x="0" y="0" w="375" h="20" measuredW="342" measuredH="20" zOrder="0">
      <rotation>0</rotation>
      <alias/>
      <canMove>True</canMove>
      <isCommentCom>False</isCommentCom>
      <opacity>1</opacity>
      <status>MsEnabled</status>
      <isAutoSize>False</isAutoSize>
      <borderColor>4284900966</borderColor>
      <borderVisible>True</borderVisible>
      <color>4294967295</color>
      <IsAutoTextColor>True</IsAutoTextColor>
      <ForegroundColor>4294967295</ForegroundColor>
      <interactiveData>
        <entry title="">
          <area shape="0" alt="" ID="{1826D616-D965-4FAF-B131-7A2B0329AC95}" coords="(0,0,375,20)"/>
          <events title=""/>
        </entry>
      </interactiveData>
      <links eventType="AtClick" animate="AmPushLeft" animateAutoDelay="0" animateDuration="500">
        <link targetPageID="" linkType="ltPageLink" isApplyIncludePage="False" title="%E9%93%BE%E6%8E%A5">
          <area shape="0" alt="" ID="{F5380452-59EA-43E7-8FA1-1BCF78D40C95}" coords="(0,0,375,20)"/>
        </link>
      </links>
      <horizontalScrollbarProgress>0</horizontalScrollbarProgress>
      <horizontalScrollbarShow>False</horizontalScrollbarShow>
      <verticalScrollbarProgress>0</verticalScrollbarProgress>
      <verticalScrollbarShow>False</verticalScrollbarShow>
      <states/>
      <isShow>True</isShow>
      <caption>%E7%8A%B6%E6%80%81%E6%A0%8F(%E8%8B%B9%E6%9E%9C)</caption>
      <locked>False</locked>
      <sizeLocked>False</sizeLocked>
    </control>
    <control controlID="A76C74C8-3920-426D-877A-4EB03677E204" controlTypeID="Shape" x="32" y="134" w="294" h="44" measuredW="120" measuredH="100" zOrder="1">
      <text>%E7%AD%BE%E5%88%B0%E6%88%90%E5%8A%9F%EF%BC%81</text>
      <font family="Arial" displayName="Arial" postScript="" weightStyle="Regular" weight="400" isBold="False" isItalic="False"/>
      <useDefaultTextSize>False</useDefaultTextSize>
      <textStyles>[]</textStyles>
      <lineSpacing>28</lineSpacing>
      <textWordWrap>True</textWordWrap>
      <textVAlign>VaMiddle</textVAlign>
      <textAlign>HaCenter</textAlign>
      <lineSpacingMultiple>1</lineSpacingMultiple>
      <textSize>24</textSize>
      <textColor>4294901886</textColor>
      <rotation>0</rotation>
      <alias/>
      <canMove>True</canMove>
      <isCommentCom>False</isCommentCom>
      <opacity>1</opacity>
      <status>MsEnabled</status>
      <isAutoSize>False</isAutoSize>
      <borderColor>4294782099</borderColor>
      <borderVisible>True</borderVisible>
      <color>3355443</color>
      <borderMode>[bmLeft,bmTop,bmRight,bmBottom]</borderMode>
      <thickness>1</thickness>
      <radiusIsPercent>False</radiusIsPercent>
      <radius>4</radius>
      <dashMode>SdSolid</dashMode>
      <triangleType>TdZero</triangleType>
      <shapeBorderType>SbRectangle</shapeBorderType>
      <textPadding>0</textPadding>
      <selectedColor>4282501083</selectedColor>
      <selectedIndex>-1</selectedIndex>
      <interactiveData>
        <entry title="">
          <area shape="0" alt="" ID="{18D0E6F6-712F-430F-A8EE-F1E643578BA7}" coords="(0,0,294,44)"/>
          <events title=""/>
        </entry>
      </interactiveData>
      <links eventType="AtClick" animate="AmNone" animateAutoDelay="0" animateDuration="500">
        <link targetPageID="" linkType="ltPageLink" isApplyIncludePage="False" title="">
          <area shape="0" alt="" ID="{F97CF051-4AA4-49FC-8B08-DF330D100803}" coords="(0,0,294,44)"/>
        </link>
      </links>
      <horizontalScrollbarProgress>0</horizontalScrollbarProgress>
      <horizontalScrollbarShow>False</horizontalScrollbarShow>
      <verticalScrollbarProgress>0</verticalScrollbarProgress>
      <verticalScrollbarShow>False</verticalScrollbarShow>
      <states/>
      <isShow>True</isShow>
      <caption>%E5%BD%A2%E7%8A%B6</caption>
      <locked>False</locked>
      <sizeLocked>False</sizeLocked>
    </control>
    <control controlID="58106A0E-B65F-4C5D-967A-3FF4EC2C96EC" controlTypeID="Shape" x="22" y="229" w="328" h="44" measuredW="120" measuredH="100" zOrder="2">
      <text>%E5%A7%93%E5%90%8D%EF%BC%9A%E5%90%8E%E7%88%BD</text>
      <font family="Arial" displayName="Arial" postScript="" weightStyle="Regular" weight="400" isBold="False" isItalic="False"/>
      <useDefaultTextSize>False</useDefaultTextSize>
      <textStyles>[]</textStyles>
      <lineSpacing>28</lineSpacing>
      <textWordWrap>True</textWordWrap>
      <textVAlign>VaMiddle</textVAlign>
      <textAlign>HaLeft</textAlign>
      <lineSpacingMultiple>1</lineSpacingMultiple>
      <textSize>24</textSize>
      <textColor>4278190080</textColor>
      <rotation>0</rotation>
      <alias/>
      <canMove>True</canMove>
      <isCommentCom>False</isCommentCom>
      <opacity>1</opacity>
      <status>MsEnabled</status>
      <isAutoSize>False</isAutoSize>
      <borderColor>4284900966</borderColor>
      <borderVisible>True</borderVisible>
      <color>3355443</color>
      <borderMode>[bmLeft,bmTop,bmRight,bmBottom]</borderMode>
      <thickness>1</thickness>
      <radiusIsPercent>False</radiusIsPercent>
      <radius>4</radius>
      <dashMode>SdSolid</dashMode>
      <triangleType>TdZero</triangleType>
      <shapeBorderType>SbRectangle</shapeBorderType>
      <textPadding>0</textPadding>
      <selectedColor>4282501083</selectedColor>
      <selectedIndex>-1</selectedIndex>
      <interactiveData>
        <entry title="">
          <area shape="0" alt="" ID="{18D0E6F6-712F-430F-A8EE-F1E643578BA7}" coords="(0,0,328,44)"/>
          <events title=""/>
        </entry>
      </interactiveData>
      <links eventType="AtClick" animate="AmNone" animateAutoDelay="0" animateDuration="500">
        <link targetPageID="" linkType="ltPageLink" isApplyIncludePage="False" title="">
          <area shape="0" alt="" ID="{F97CF051-4AA4-49FC-8B08-DF330D100803}" coords="(0,0,328,44)"/>
        </link>
      </links>
      <horizontalScrollbarProgress>0</horizontalScrollbarProgress>
      <horizontalScrollbarShow>False</horizontalScrollbarShow>
      <verticalScrollbarProgress>0</verticalScrollbarProgress>
      <verticalScrollbarShow>False</verticalScrollbarShow>
      <states/>
      <isShow>True</isShow>
      <caption>%E5%BD%A2%E7%8A%B6</caption>
      <locked>False</locked>
      <sizeLocked>False</sizeLocked>
    </control>
    <control controlID="18FF5113-3226-4C77-986C-6214BFA7FD5A" controlTypeID="Shape" x="22" y="405" w="328" h="44" measuredW="120" measuredH="100" zOrder="3">
      <text>%E7%AD%BE%E5%88%B0%E6%97%B6%E9%97%B4%EF%BC%9A2017-03-31+14%3A09</text>
      <font family="Arial" displayName="Arial" postScript="" weightStyle="Regular" weight="400" isBold="False" isItalic="False"/>
      <useDefaultTextSize>False</useDefaultTextSize>
      <textStyles>[]</textStyles>
      <lineSpacing>28</lineSpacing>
      <textWordWrap>True</textWordWrap>
      <textVAlign>VaMiddle</textVAlign>
      <textAlign>HaLeft</textAlign>
      <lineSpacingMultiple>1</lineSpacingMultiple>
      <textSize>24</textSize>
      <textColor>4278190080</textColor>
      <rotation>0</rotation>
      <alias/>
      <canMove>True</canMove>
      <isCommentCom>False</isCommentCom>
      <opacity>1</opacity>
      <status>MsEnabled</status>
      <isAutoSize>False</isAutoSize>
      <borderColor>4284900966</borderColor>
      <borderVisible>True</borderVisible>
      <color>3355443</color>
      <borderMode>[bmLeft,bmTop,bmRight,bmBottom]</borderMode>
      <thickness>1</thickness>
      <radiusIsPercent>False</radiusIsPercent>
      <radius>4</radius>
      <dashMode>SdSolid</dashMode>
      <triangleType>TdZero</triangleType>
      <shapeBorderType>SbRectangle</shapeBorderType>
      <textPadding>0</textPadding>
      <selectedColor>4282501083</selectedColor>
      <selectedIndex>-1</selectedIndex>
      <interactiveData>
        <entry title="">
          <area shape="0" alt="" ID="{18D0E6F6-712F-430F-A8EE-F1E643578BA7}" coords="(0,0,328,44)"/>
          <events title=""/>
        </entry>
      </interactiveData>
      <links eventType="AtClick" animate="AmNone" animateAutoDelay="0" animateDuration="500">
        <link targetPageID="" linkType="ltPageLink" isApplyIncludePage="False" title="">
          <area shape="0" alt="" ID="{F97CF051-4AA4-49FC-8B08-DF330D100803}" coords="(0,0,328,44)"/>
        </link>
      </links>
      <horizontalScrollbarProgress>0</horizontalScrollbarProgress>
      <horizontalScrollbarShow>False</horizontalScrollbarShow>
      <verticalScrollbarProgress>0</verticalScrollbarProgress>
      <verticalScrollbarShow>False</verticalScrollbarShow>
      <states/>
      <isShow>True</isShow>
      <caption>%E5%BD%A2%E7%8A%B6</caption>
      <locked>False</locked>
      <sizeLocked>False</sizeLocked>
    </control>
    <control controlID="5EC190DA-D5CA-4A34-8C6C-13592107C12A" controlTypeID="Shape" x="22" y="361" w="328" h="44" measuredW="120" measuredH="100" zOrder="4">
      <text>%E4%BD%8D%E7%BD%AE%EF%BC%9A3%E6%8E%92%E5%9B%9B%E5%88%97</text>
      <font family="Arial" displayName="Arial" postScript="" weightStyle="Regular" weight="400" isBold="False" isItalic="False"/>
      <useDefaultTextSize>False</useDefaultTextSize>
      <textStyles>[]</textStyles>
      <lineSpacing>28</lineSpacing>
      <textWordWrap>True</textWordWrap>
      <textVAlign>VaMiddle</textVAlign>
      <textAlign>HaLeft</textAlign>
      <lineSpacingMultiple>1</lineSpacingMultiple>
      <textSize>24</textSize>
      <textColor>4278190080</textColor>
      <rotation>0</rotation>
      <alias/>
      <canMove>True</canMove>
      <isCommentCom>False</isCommentCom>
      <opacity>1</opacity>
      <status>MsEnabled</status>
      <isAutoSize>False</isAutoSize>
      <borderColor>4284900966</borderColor>
      <borderVisible>True</borderVisible>
      <color>3355443</color>
      <borderMode>[bmLeft,bmTop,bmRight,bmBottom]</borderMode>
      <thickness>1</thickness>
      <radiusIsPercent>False</radiusIsPercent>
      <radius>4</radius>
      <dashMode>SdSolid</dashMode>
      <triangleType>TdZero</triangleType>
      <shapeBorderType>SbRectangle</shapeBorderType>
      <textPadding>0</textPadding>
      <selectedColor>4282501083</selectedColor>
      <selectedIndex>-1</selectedIndex>
      <interactiveData>
        <entry title="">
          <area shape="0" alt="" ID="{18D0E6F6-712F-430F-A8EE-F1E643578BA7}" coords="(0,0,328,44)"/>
          <events title=""/>
        </entry>
      </interactiveData>
      <links eventType="AtClick" animate="AmNone" animateAutoDelay="0" animateDuration="500">
        <link targetPageID="" linkType="ltPageLink" isApplyIncludePage="False" title="">
          <area shape="0" alt="" ID="{F97CF051-4AA4-49FC-8B08-DF330D100803}" coords="(0,0,328,44)"/>
        </link>
      </links>
      <horizontalScrollbarProgress>0</horizontalScrollbarProgress>
      <horizontalScrollbarShow>False</horizontalScrollbarShow>
      <verticalScrollbarProgress>0</verticalScrollbarProgress>
      <verticalScrollbarShow>False</verticalScrollbarShow>
      <states/>
      <isShow>True</isShow>
      <caption>%E5%BD%A2%E7%8A%B6</caption>
      <locked>False</locked>
      <sizeLocked>False</sizeLocked>
    </control>
    <control controlID="662AD67E-CC89-494D-8578-09575300D13C" controlTypeID="Shape" x="22" y="317" w="328" h="44" measuredW="120" measuredH="100" zOrder="5">
      <text>%E7%8F%AD%E7%BA%A7%EF%BC%9A%E8%AE%A1%E7%AE%97%E6%9C%BA%E6%8A%80%E6%9C%AF</text>
      <font family="Arial" displayName="Arial" postScript="" weightStyle="Regular" weight="400" isBold="False" isItalic="False"/>
      <useDefaultTextSize>False</useDefaultTextSize>
      <textStyles>[]</textStyles>
      <lineSpacing>28</lineSpacing>
      <textWordWrap>True</textWordWrap>
      <textVAlign>VaMiddle</textVAlign>
      <textAlign>HaLeft</textAlign>
      <lineSpacingMultiple>1</lineSpacingMultiple>
      <textSize>24</textSize>
      <textColor>4278190080</textColor>
      <rotation>0</rotation>
      <alias/>
      <canMove>True</canMove>
      <isCommentCom>False</isCommentCom>
      <opacity>1</opacity>
      <status>MsEnabled</status>
      <isAutoSize>False</isAutoSize>
      <borderColor>4284900966</borderColor>
      <borderVisible>True</borderVisible>
      <color>3355443</color>
      <borderMode>[bmLeft,bmTop,bmRight,bmBottom]</borderMode>
      <thickness>1</thickness>
      <radiusIsPercent>False</radiusIsPercent>
      <radius>4</radius>
      <dashMode>SdSolid</dashMode>
      <triangleType>TdZero</triangleType>
      <shapeBorderType>SbRectangle</shapeBorderType>
      <textPadding>0</textPadding>
      <selectedColor>4282501083</selectedColor>
      <selectedIndex>-1</selectedIndex>
      <interactiveData>
        <entry title="">
          <area shape="0" alt="" ID="{18D0E6F6-712F-430F-A8EE-F1E643578BA7}" coords="(0,0,328,44)"/>
          <events title=""/>
        </entry>
      </interactiveData>
      <links eventType="AtClick" animate="AmNone" animateAutoDelay="0" animateDuration="500">
        <link targetPageID="" linkType="ltPageLink" isApplyIncludePage="False" title="">
          <area shape="0" alt="" ID="{F97CF051-4AA4-49FC-8B08-DF330D100803}" coords="(0,0,328,44)"/>
        </link>
      </links>
      <horizontalScrollbarProgress>0</horizontalScrollbarProgress>
      <horizontalScrollbarShow>False</horizontalScrollbarShow>
      <verticalScrollbarProgress>0</verticalScrollbarProgress>
      <verticalScrollbarShow>False</verticalScrollbarShow>
      <states/>
      <isShow>True</isShow>
      <caption>%E5%BD%A2%E7%8A%B6</caption>
      <locked>False</locked>
      <sizeLocked>False</sizeLocked>
    </control>
    <control controlID="307F525C-F88C-4E14-AEDD-FAD30BD6861E" controlTypeID="Shape" x="22" y="273" w="328" h="44" measuredW="120" measuredH="100" zOrder="6">
      <text>%E5%AD%A6%E5%8F%B7%EF%BC%9A160327007</text>
      <font family="Arial" displayName="Arial" postScript="" weightStyle="Regular" weight="400" isBold="False" isItalic="False"/>
      <useDefaultTextSize>False</useDefaultTextSize>
      <textStyles>[]</textStyles>
      <lineSpacing>28</lineSpacing>
      <textWordWrap>True</textWordWrap>
      <textVAlign>VaMiddle</textVAlign>
      <textAlign>HaLeft</textAlign>
      <lineSpacingMultiple>1</lineSpacingMultiple>
      <textSize>24</textSize>
      <textColor>4278190080</textColor>
      <rotation>0</rotation>
      <alias/>
      <canMove>True</canMove>
      <isCommentCom>False</isCommentCom>
      <opacity>1</opacity>
      <status>MsEnabled</status>
      <isAutoSize>False</isAutoSize>
      <borderColor>4284900966</borderColor>
      <borderVisible>True</borderVisible>
      <color>3355443</color>
      <borderMode>[bmLeft,bmTop,bmRight,bmBottom]</borderMode>
      <thickness>1</thickness>
      <radiusIsPercent>False</radiusIsPercent>
      <radius>4</radius>
      <dashMode>SdSolid</dashMode>
      <triangleType>TdZero</triangleType>
      <shapeBorderType>SbRectangle</shapeBorderType>
      <textPadding>0</textPadding>
      <selectedColor>4282501083</selectedColor>
      <selectedIndex>-1</selectedIndex>
      <interactiveData>
        <entry title="">
          <area shape="0" alt="" ID="{18D0E6F6-712F-430F-A8EE-F1E643578BA7}" coords="(0,0,328,44)"/>
          <events title=""/>
        </entry>
      </interactiveData>
      <links eventType="AtClick" animate="AmNone" animateAutoDelay="0" animateDuration="500">
        <link targetPageID="" linkType="ltPageLink" isApplyIncludePage="False" title="">
          <area shape="0" alt="" ID="{F97CF051-4AA4-49FC-8B08-DF330D100803}" coords="(0,0,328,44)"/>
        </link>
      </links>
      <horizontalScrollbarProgress>0</horizontalScrollbarProgress>
      <horizontalScrollbarShow>False</horizontalScrollbarShow>
      <verticalScrollbarProgress>0</verticalScrollbarProgress>
      <verticalScrollbarShow>False</verticalScrollbarShow>
      <states/>
      <isShow>True</isShow>
      <caption>%E5%BD%A2%E7%8A%B6</caption>
      <locked>False</locked>
      <sizeLocked>False</sizeLocked>
    </control>
    <control controlID="90761FB0-D7E4-4E87-B5AE-9238B98DD996" controlTypeID="Shape" x="22" y="449" w="328" h="44" measuredW="120" measuredH="100" zOrder="7">
      <text>%E7%AD%BE%E5%88%B0%E7%8A%B6%E6%80%81%EF%BC%9A%E5%B7%B2%E7%AD%BE%E5%88%B0</text>
      <font family="Arial" displayName="Arial" postScript="" weightStyle="Regular" weight="400" isBold="False" isItalic="False"/>
      <useDefaultTextSize>False</useDefaultTextSize>
      <textStyles>[]</textStyles>
      <lineSpacing>28</lineSpacing>
      <textWordWrap>True</textWordWrap>
      <textVAlign>VaMiddle</textVAlign>
      <textAlign>HaLeft</textAlign>
      <lineSpacingMultiple>1</lineSpacingMultiple>
      <textSize>24</textSize>
      <textColor>4278190080</textColor>
      <rotation>0</rotation>
      <alias/>
      <canMove>True</canMove>
      <isCommentCom>False</isCommentCom>
      <opacity>1</opacity>
      <status>MsEnabled</status>
      <isAutoSize>False</isAutoSize>
      <borderColor>4284900966</borderColor>
      <borderVisible>True</borderVisible>
      <color>3355443</color>
      <borderMode>[bmLeft,bmTop,bmRight,bmBottom]</borderMode>
      <thickness>1</thickness>
      <radiusIsPercent>False</radiusIsPercent>
      <radius>4</radius>
      <dashMode>SdSolid</dashMode>
      <triangleType>TdZero</triangleType>
      <shapeBorderType>SbRectangle</shapeBorderType>
      <textPadding>0</textPadding>
      <selectedColor>4282501083</selectedColor>
      <selectedIndex>-1</selectedIndex>
      <interactiveData>
        <entry title="">
          <area shape="0" alt="" ID="{18D0E6F6-712F-430F-A8EE-F1E643578BA7}" coords="(0,0,328,44)"/>
          <events title=""/>
        </entry>
      </interactiveData>
      <links eventType="AtClick" animate="AmNone" animateAutoDelay="0" animateDuration="500">
        <link targetPageID="" linkType="ltPageLink" isApplyIncludePage="False" title="">
          <area shape="0" alt="" ID="{F97CF051-4AA4-49FC-8B08-DF330D100803}" coords="(0,0,328,44)"/>
        </link>
      </links>
      <horizontalScrollbarProgress>0</horizontalScrollbarProgress>
      <horizontalScrollbarShow>False</horizontalScrollbarShow>
      <verticalScrollbarProgress>0</verticalScrollbarProgress>
      <verticalScrollbarShow>False</verticalScrollbarShow>
      <states/>
      <isShow>True</isShow>
      <caption>%E5%BD%A2%E7%8A%B6</caption>
      <locked>False</locked>
      <sizeLocked>False</sizeLocked>
    </control>
  </controls>
  <param>
    <backgroundColor>4294967295</backgroundColor>
    <fontSize>0</fontSize>
    <fontFamily>Arial</fontFamily>
    <guideLines/>
  </param>
</mockup>