﻿<mockup version="5.1" minAllowVersion="5.1" ID="FB2B91B7-7BB0-4464-8050-24A94B144EBA" platform="MtMobile" defaultW="375" defaultH="667" screenOrientation="MoPortrait" mobileScreenScale="1.77777779102325" measureW="375" measureH="667" clipArea="(0,0,0,0)">
  <controls controlCount="8">
    <control controlID="3F4D3247-9BCB-4E5E-A62E-AEA4CA1F8859" controlTypeID="StatusBar(IOS)" x="0" y="0" w="375" h="20" zOrder="0">
      <color>4294967295</color>
    </control>
    <control controlID="211E7078-EEFE-4114-9491-4F48127E640F" controlTypeID="TextArea" x="138" y="175" w="115" h="33" zOrder="1">
      <font family="Arial" displayName="Arial" postScript="" weightStyle="Regular" weight="400" isBold="False" isItalic="False"/>
      <text>%E6%88%91%E6%98%AF%E8%80%81%E5%B8%88</text>
      <textColor>4294967295</textColor>
      <textSize>24</textSize>
      <useDefaultTextSize>False</useDefaultTextSize>
      <selectedIndex>-1</selectedIndex>
    </control>
    <control controlID="AAF58A39-9021-4186-BDD0-D888C31F2FAA" controlTypeID="Icon" x="10" y="39" w="18" h="18" zOrder="2">
      <color>4291611852</color>
      <links eventType="AtClick" animate="AmPushRight" animateAutoDelay="0" animateDuration="500">
        <link targetPageID="5AEC84BB-31FE-4673-AF90-5E2FA86F4371" linkType="ltPageLink" isApplyIncludePage="False" title="Sign+In">
          <area shape="0" alt="" ID="{420E51E9-646B-4663-936F-017853A49C42}" coords="(0,0,18,18)"/>
        </link>
      </links>
      <icon>
        <ID/>
        <iconFontName>jdIonicons</iconFontName>
        <iconCode>62418</iconCode>
      </icon>
      <URL>91852B86E51F760894554368302F9800.svg</URL>
    </control>
    <control controlID="D7F7C136-3EB2-4A7E-9D81-3C95F43503AA" controlTypeID="CompositeComboBox" x="50" y="255" w="292" h="39" zOrder="3">
      <groupChildrenDescriptors>
        <control controlID="7B05B165-6CA8-4D03-8169-E9FD71E58654" controlTypeID="TextInput" x="0" y="0" w="269" h="39" zOrder="0">
          <locked>True</locked>
          <canMove>False</canMove>
          <alias>input</alias>
          <font family="%E5%BE%AE%E8%BD%AF%E9%9B%85%E9%BB%91" displayName="%E5%BE%AE%E8%BD%AF%E9%9B%85%E9%BB%91" postScript="" weightStyle="Regular" weight="400" isBold="False" isItalic="False"/>
          <text>%E8%80%81%E5%B8%88</text>
          <lineSpacing>0</lineSpacing>
          <selectedIndex>-1</selectedIndex>
        </control>
        <control controlID="081626F3-BB04-4A46-AF70-6C8B188C742E" controlTypeID="Button" x="268" y="0" w="24" h="39" zOrder="1">
          <locked>True</locked>
          <canMove>False</canMove>
          <alias>button</alias>
          <font family="Arial" displayName="Arial" postScript="" weightStyle="Regular" weight="400" isBold="False" isItalic="False"/>
          <lineSpacing>0</lineSpacing>
          <selectedIndex>-1</selectedIndex>
          <radius>0</radius>
        </control>
        <control controlID="12A5B5DD-8165-4DB5-A0A7-C0B95C5D0B54" controlTypeID="List" x="0" y="39" w="292" h="80" zOrder="2">
          <isShow>False</isShow>
          <canMove>False</canMove>
          <alias>dropDown</alias>
          <font family="%E5%BE%AE%E8%BD%AF%E9%9B%85%E9%BB%91" displayName="%E5%BE%AE%E8%BD%AF%E9%9B%85%E9%BB%91" postScript="" weightStyle="Regular" weight="400" isBold="False" isItalic="False"/>
          <text>%E8%80%81%E5%B8%88%0D%0A%E5%AD%A6%E7%94%9F</text>
          <textSize>14</textSize>
          <lineSpacing>0</lineSpacing>
          <itemHeight>39</itemHeight>
          <interlaceColor>4294967295</interlaceColor>
        </control>
      </groupChildrenDescriptors>
      <font family="%E5%BE%AE%E8%BD%AF%E9%9B%85%E9%BB%91"/>
      <textSize>14</textSize>
    </control>
    <control controlID="FE5EC1ED-B0B1-4B14-AA67-5F2BC32B1CB8" controlTypeID="Shape" x="48" y="344" w="294" h="44" zOrder="4">
      <color>4278229503</color>
      <borderVisible>False</borderVisible>
      <links eventType="AtClick" animate="AmNone" animateAutoDelay="0" animateDuration="500">
        <link targetPageID="5AEC84BB-31FE-4673-AF90-5E2FA86F4371" linkType="ltPageLink" isApplyIncludePage="False" title="Sign+In">
          <area shape="0" alt="" ID="{F97CF051-4AA4-49FC-8B08-DF330D100803}" coords="(0,0,294,44)"/>
        </link>
      </links>
      <font family="Arial" displayName="Arial" postScript="" weightStyle="Regular" weight="400" isBold="False" isItalic="False"/>
      <text>%E4%B8%8B%E4%B8%80%E6%AD%A5</text>
      <textColor>4294967295</textColor>
      <textSize>14</textSize>
      <selectedIndex>-1</selectedIndex>
      <radius>4</radius>
    </control>
  </controls>
  <param>
    <backgroundColor>4294967295</backgroundColor>
    <fontSize>0</fontSize>
    <fontFamily>Arial</fontFamily>
    <guideLines/>
  </param>
</mockup>